Rk,Team,G,MP,FG,FGA,FG%,3P,3PA,3P%,2P,2PA,2P%,FT,FTA,FT%,ORB,DRB,TRB,AST,STL,BLK,TOV,PF,PTS,Year
1.0,Detroit Pistons*,82,242.7,33.5,76.5,0.438,3.5,10.2,0.344,29.9,66.2,0.452,17.2,23.1,0.746,10.5,30.8,41.3,18.3,6.9,4.3,14.0,23.2,87.7,2002
2.0,New Jersey Nets*,82,240.9,33.6,78.8,0.427,5.2,14.5,0.359,28.4,64.3,0.442,17.7,23.7,0.749,11.4,30.0,41.4,19.6,8.5,5.2,16.6,22.9,90.1,2002
3.0,San Antonio Spurs*,82,241.8,34.9,81.7,0.427,4.3,12.7,0.339,30.6,69.0,0.443,16.3,21.2,0.768,12.5,28.3,40.9,19.0,8.1,5.1,15.0,23.4,90.4,2002
4.0,Miami Heat,82,241.8,33.1,75.7,0.437,5.0,14.0,0.353,28.1,61.7,0.456,19.5,26.0,0.751,10.6,31.5,42.2,18.1,7.6,5.3,14.3,20.4,90.6,2002
5.0,New Orleans Hornets*,82,242.7,34.8,79.5,0.438,4.1,12.2,0.338,30.7,67.3,0.457,18.0,23.5,0.766,11.1,28.9,40.0,19.9,7.9,5.2,14.6,21.4,91.8,2002
6.0,Utah Jazz*,82,241.2,33.5,77.4,0.434,5.3,15.3,0.349,28.2,62.1,0.454,19.8,26.1,0.759,12.3,25.9,38.2,19.5,8.8,5.2,15.9,23.8,92.3,2002
7.0,Seattle SuperSonics,82,242.1,35.0,78.3,0.447,5.8,16.7,0.344,29.3,61.6,0.475,16.5,22.2,0.742,11.4,30.0,41.5,20.8,6.1,5.0,14.7,20.4,92.3,2002
8.0,Houston Rockets,82,243.0,35.3,81.5,0.433,4.7,13.6,0.347,30.5,67.9,0.45,17.1,22.0,0.775,11.9,28.7,40.6,20.5,8.1,4.6,13.2,21.9,92.3,2002
9.0,Denver Nuggets,82,240.6,32.9,74.2,0.443,5.1,13.8,0.37,27.8,60.4,0.46,21.6,28.5,0.757,10.5,29.8,40.3,21.5,9.0,6.6,17.1,21.8,92.4,2002
10.0,Washington Wizards,82,241.8,35.1,79.4,0.442,5.5,15.1,0.362,29.6,64.2,0.461,16.9,21.9,0.771,11.6,29.8,41.4,21.7,7.5,4.4,14.3,22.0,92.5,2002
11.0,Portland Trail Blazers*,82,242.1,35.9,79.8,0.45,5.3,15.7,0.341,30.5,64.1,0.476,15.5,20.2,0.764,11.1,28.0,39.1,22.7,8.3,4.8,15.5,20.4,92.5,2002
12.0,Boston Celtics*,82,241.8,34.2,78.7,0.435,5.6,17.1,0.331,28.5,61.6,0.464,19.0,25.4,0.749,11.4,33.5,45.0,22.2,7.5,4.5,16.0,21.9,93.1,2002
13.0,Indiana Pacers*,82,242.7,34.9,81.6,0.428,5.0,14.6,0.34,29.9,67.0,0.447,18.6,24.3,0.767,12.3,30.0,42.2,20.7,7.6,6.3,15.3,23.5,93.3,2002
14.0,Phoenix Suns*,82,241.5,35.5,81.2,0.438,5.3,16.6,0.32,30.2,64.6,0.468,18.0,23.6,0.766,12.6,30.3,42.9,22.2,7.8,5.5,16.0,21.5,94.4,2002
15.0,Philadelphia 76ers*,82,242.1,35.1,77.6,0.452,5.5,15.6,0.354,29.5,62.0,0.476,18.9,24.8,0.76,11.1,29.3,40.3,22.1,7.8,6.4,17.1,23.0,94.5,2002
16.0,Dallas Mavericks*,82,241.2,35.7,81.5,0.438,5.8,17.1,0.34,29.9,64.5,0.463,18.0,24.8,0.727,12.7,32.7,45.5,21.7,6.7,3.9,16.0,21.3,95.2,2002
17.0,Sacramento Kings*,82,241.8,36.5,86.9,0.42,4.5,14.2,0.32,31.9,72.7,0.439,17.7,23.9,0.741,14.0,31.9,45.8,21.5,8.3,4.3,15.4,19.9,95.2,2002
18.0,Minnesota Timberwolves*,82,241.5,36.6,83.8,0.437,5.8,16.6,0.347,30.9,67.2,0.46,17.0,22.6,0.752,11.9,29.8,41.7,22.8,7.0,4.9,13.6,20.6,96.0,2002
19.0,Toronto Raptors,82,241.5,37.0,80.4,0.461,4.5,12.0,0.375,32.5,68.4,0.476,18.2,24.0,0.759,11.9,31.7,43.6,21.1,7.4,5.0,13.7,20.8,96.8,2002
20.0,New York Knicks,82,242.1,36.1,79.0,0.457,4.4,12.8,0.34,31.7,66.2,0.48,20.6,26.7,0.771,11.4,31.9,43.3,21.1,7.6,3.8,14.4,19.9,97.2,2002
21.0,Atlanta Hawks,82,242.7,36.8,84.2,0.437,5.4,15.2,0.359,31.3,69.1,0.454,18.7,24.5,0.76,13.1,29.5,42.6,21.6,9.0,5.0,13.0,20.3,97.6,2002
22.0,Los Angeles Clippers,82,240.9,37.0,82.8,0.447,5.5,15.2,0.365,31.5,67.6,0.466,18.4,23.7,0.774,12.8,30.0,42.8,22.4,8.0,5.1,14.0,22.5,97.9,2002
23.0,Los Angeles Lakers*,82,243.0,36.3,82.0,0.443,5.7,14.9,0.38,30.6,67.1,0.456,19.8,26.0,0.76,11.7,30.4,42.1,21.4,7.9,3.8,14.5,23.4,98.0,2002
24.0,Orlando Magic*,82,241.5,36.7,80.5,0.455,4.9,14.8,0.334,31.7,65.7,0.483,20.1,26.2,0.767,11.8,31.7,43.5,22.4,7.8,5.0,16.4,22.2,98.4,2002
25.0,Milwaukee Bucks*,82,242.7,37.1,81.0,0.458,5.8,15.6,0.375,31.3,65.4,0.478,19.2,25.8,0.745,12.5,31.0,43.4,23.1,6.6,4.1,14.4,20.5,99.3,2002
26.0,Chicago Bulls,82,243.0,36.5,83.1,0.439,5.3,16.3,0.323,31.2,66.9,0.467,21.9,29.2,0.749,13.6,31.4,45.0,23.8,9.4,5.0,14.7,21.9,100.1,2002
27.0,Memphis Grizzlies,82,243.0,39.3,85.5,0.46,5.3,14.5,0.363,34.1,71.0,0.48,16.8,22.2,0.759,13.7,31.2,44.9,24.3,8.7,5.2,14.8,21.7,100.7,2002
28.0,Cleveland Cavaliers,82,241.8,37.5,82.8,0.453,5.2,14.6,0.358,32.2,68.2,0.473,20.9,27.1,0.772,11.4,30.4,41.7,24.0,9.8,6.0,14.2,20.8,101.0,2002
29.0,Golden State Warriors,82,240.9,39.5,87.5,0.452,5.3,14.4,0.372,34.2,73.1,0.467,19.2,25.4,0.756,14.7,29.1,43.8,23.6,8.7,6.0,13.7,23.6,103.6,2002
,League Average,82,242.0,35.7,80.8,0.442,5.1,14.7,0.349,30.6,66.1,0.463,18.5,24.4,0.758,12.0,30.3,42.3,21.5,7.9,5.0,14.9,21.8,95.1,2002
1.0,San Antonio Spurs*,82,240.9,31.9,77.9,0.409,3.8,11.6,0.327,28.1,66.3,0.423,16.7,22.5,0.744,11.1,30.0,41.1,17.3,7.7,4.6,15.3,22.4,84.3,2003
2.0,Detroit Pistons*,82,241.2,32.1,77.8,0.413,4.3,14.4,0.302,27.8,63.4,0.438,15.7,21.1,0.744,12.0,28.7,40.6,19.0,7.9,5.0,16.0,22.9,84.3,2003
3.0,Indiana Pacers*,82,241.5,32.6,75.4,0.432,4.0,12.4,0.324,28.6,63.0,0.453,16.5,22.0,0.75,10.6,29.5,40.1,20.1,7.1,6.2,15.9,21.9,85.6,2003
4.0,New Jersey Nets*,82,240.3,32.8,76.9,0.427,5.1,14.5,0.35,27.7,62.3,0.445,17.0,22.3,0.761,10.6,30.1,40.8,19.8,8.0,4.6,16.1,21.2,87.8,2003
5.0,Houston Rockets*,82,243.0,32.1,78.1,0.412,5.6,15.0,0.372,26.6,63.1,0.421,18.2,24.7,0.737,11.1,28.7,39.7,20.6,8.7,4.4,13.5,20.7,88.0,2003
6.0,Toronto Raptors,82,243.7,33.2,77.6,0.428,3.3,10.8,0.307,29.9,66.8,0.447,18.7,25.1,0.747,12.6,32.5,45.1,18.5,7.2,4.1,14.6,19.7,88.5,2003
7.0,Minnesota Timberwolves*,82,240.9,33.4,80.8,0.414,4.8,14.4,0.334,28.6,66.4,0.431,17.4,23.1,0.753,12.2,29.3,41.5,20.7,6.7,3.6,13.5,20.2,89.1,2003
8.0,Miami Heat*,82,240.9,32.4,75.7,0.428,5.3,15.3,0.343,27.2,60.4,0.45,19.7,25.6,0.768,10.9,30.3,41.2,18.6,7.0,5.4,14.7,21.1,89.7,2003
9.0,Utah Jazz,82,241.2,31.0,71.7,0.432,5.1,14.7,0.343,25.9,57.0,0.455,22.9,29.6,0.771,10.6,26.0,36.6,18.6,8.1,6.5,15.4,24.4,89.9,2003
10.0,Philadelphia 76ers,82,242.1,33.5,77.7,0.432,5.4,16.2,0.333,28.1,61.5,0.458,18.0,24.2,0.744,12.1,29.2,41.4,21.3,8.3,5.6,15.2,21.4,90.5,2003
11.0,New Orleans Hornets*,82,241.8,34.7,78.6,0.441,5.4,15.9,0.341,29.3,62.7,0.467,17.2,22.9,0.75,11.9,30.2,42.1,21.8,7.5,5.2,15.6,21.1,91.9,2003
12.0,Portland Trail Blazers,82,243.7,36.0,80.1,0.45,5.1,14.9,0.341,30.9,65.2,0.475,14.9,19.7,0.753,12.4,28.0,40.3,23.3,8.0,4.8,13.7,18.7,92.0,2003
13.0,New York Knicks*,82,242.4,34.0,79.2,0.429,5.1,15.0,0.338,28.9,64.2,0.45,20.5,26.8,0.763,11.6,29.8,41.4,20.4,8.2,4.7,13.8,19.5,93.5,2003
14.0,Golden State Warriors,82,242.1,36.0,80.9,0.445,5.0,13.5,0.374,30.9,67.4,0.459,17.1,22.9,0.746,12.0,30.9,42.8,21.5,8.1,5.1,14.0,22.0,94.0,2003
15.0,Los Angeles Lakers*,82,242.1,35.6,81.0,0.44,5.1,15.2,0.337,30.5,65.8,0.464,18.0,24.0,0.749,11.2,31.2,42.4,20.8,7.5,3.8,15.3,24.7,94.3,2003
16.0,Memphis Grizzlies*,82,242.4,34.9,79.9,0.436,4.5,13.3,0.338,30.4,66.6,0.456,20.0,26.2,0.764,13.4,30.6,44.0,20.4,8.2,5.6,17.0,23.1,94.3,2003
17.0,Cleveland Cavaliers,82,242.1,36.0,82.4,0.437,5.3,14.2,0.371,30.8,68.3,0.451,18.2,24.3,0.749,11.8,30.2,42.0,21.7,7.7,5.3,13.1,20.2,95.5,2003
18.0,Chicago Bulls,82,241.8,35.1,80.6,0.436,5.4,15.1,0.355,29.8,65.6,0.454,20.4,27.3,0.748,12.3,32.7,45.0,23.0,8.5,5.4,15.2,20.5,96.0,2003
19.0,Denver Nuggets*,82,240.6,36.8,81.2,0.453,4.6,12.9,0.356,32.2,68.4,0.471,17.9,24.6,0.728,12.9,30.1,42.9,23.5,8.1,5.8,17.1,23.1,96.1,2003
20.0,Boston Celtics*,82,240.3,35.3,80.8,0.437,6.8,18.7,0.362,28.5,62.1,0.459,19.4,26.3,0.736,13.0,30.8,43.8,23.0,8.8,5.0,17.1,22.2,96.7,2003
21.0,Milwaukee Bucks*,82,241.2,37.0,81.9,0.452,5.6,15.8,0.352,31.4,66.1,0.475,17.4,23.6,0.739,12.0,30.7,42.7,22.8,7.5,5.0,14.2,22.9,97.0,2003
22.0,Washington Wizards,82,241.8,37.3,82.2,0.454,5.2,15.1,0.342,32.2,67.1,0.479,17.6,22.9,0.771,12.8,30.7,43.5,24.0,9.6,5.5,16.1,21.7,97.4,2003
23.0,Atlanta Hawks,82,242.7,36.2,82.2,0.44,5.9,16.4,0.358,30.3,65.8,0.461,19.2,25.3,0.76,12.8,30.3,43.1,22.0,8.9,5.1,14.0,20.7,97.5,2003
24.0,Sacramento Kings*,82,241.2,38.3,84.4,0.454,5.0,14.7,0.339,33.3,69.7,0.478,16.3,21.7,0.749,13.2,30.7,43.9,21.3,7.9,5.0,14.9,22.2,97.8,2003
25.0,Seattle SuperSonics,82,241.5,36.3,80.8,0.45,5.9,17.0,0.349,30.4,63.8,0.477,19.1,24.7,0.774,13.0,29.6,42.7,21.1,7.7,4.7,14.8,20.2,97.8,2003
26.0,Phoenix Suns,82,240.6,36.3,81.4,0.446,5.8,16.8,0.349,30.4,64.6,0.471,19.5,25.5,0.765,12.7,31.1,43.8,21.5,7.9,5.3,15.9,19.4,97.9,2003
27.0,Los Angeles Clippers,82,241.5,37.5,81.5,0.46,5.5,15.3,0.36,32.0,66.2,0.483,18.8,25.4,0.741,12.6,28.8,41.4,22.9,8.5,5.3,13.7,22.7,99.4,2003
28.0,Dallas Mavericks*,82,241.5,38.2,83.2,0.459,6.5,17.9,0.363,31.7,65.3,0.486,17.8,23.9,0.746,12.3,31.2,43.5,23.6,7.1,4.7,15.1,20.6,100.8,2003
29.0,Orlando Magic,82,241.8,38.6,83.0,0.466,6.0,15.9,0.377,32.7,67.1,0.487,17.8,24.0,0.742,13.1,31.3,44.4,24.4,7.6,5.5,13.5,20.6,101.1,2003
,League Average,82,241.7,35.0,79.8,0.439,5.2,14.9,0.347,29.8,64.9,0.46,18.2,24.2,0.752,12.1,30.1,42.2,21.3,7.9,5.1,15.0,21.4,93.4,2003
1.0,San Antonio Spurs*,82,241.5,33.1,77.5,0.426,3.9,10.7,0.367,29.1,66.8,0.436,18.3,23.8,0.768,10.9,29.3,40.2,16.9,7.2,5.1,15.1,23.1,88.4,2004
2.0,Detroit Pistons*,82,243.4,34.0,79.2,0.43,5.0,14.8,0.338,29.0,64.4,0.451,16.4,21.8,0.751,11.3,28.3,39.6,19.7,7.4,4.5,13.8,22.6,89.5,2004
3.0,Houston Rockets*,82,242.1,33.2,78.3,0.423,5.5,16.4,0.338,27.6,62.0,0.446,19.2,25.8,0.742,10.9,29.8,40.7,20.7,7.4,4.1,13.3,21.6,91.0,2004
4.0,Memphis Grizzlies*,82,240.3,32.7,75.8,0.432,5.2,14.8,0.351,27.5,61.0,0.452,20.5,26.6,0.771,12.1,29.1,41.2,19.9,7.5,5.8,15.9,22.6,91.1,2004
5.0,Indiana Pacers*,82,242.7,33.8,76.6,0.44,4.8,13.1,0.365,29.0,63.6,0.456,20.0,26.9,0.743,11.9,29.5,41.3,18.8,6.7,4.9,13.9,23.0,92.2,2004
6.0,New Jersey Nets*,82,242.7,33.0,75.2,0.439,5.9,16.1,0.368,27.1,59.1,0.459,20.9,28.1,0.744,10.7,30.5,41.2,20.3,7.3,4.9,15.6,22.9,92.9,2004
7.0,Chicago Bulls*,82,241.8,33.7,79.9,0.422,5.1,15.2,0.334,28.6,64.7,0.443,20.9,28.1,0.744,11.9,30.8,42.7,20.9,8.4,5.3,15.5,23.3,93.4,2004
8.0,Miami Heat*,82,243.7,34.9,81.8,0.427,5.4,15.5,0.348,29.6,66.3,0.446,19.8,26.0,0.76,11.2,29.2,40.5,19.8,7.5,3.2,13.2,24.6,95.0,2004
9.0,Minnesota Timberwolves,82,240.9,36.2,82.6,0.438,5.7,15.7,0.363,30.5,66.9,0.456,17.2,22.9,0.752,12.6,28.8,41.4,21.7,6.6,3.9,11.7,19.9,95.3,2004
10.0,New Orleans Hornets,82,243.0,34.7,76.8,0.452,6.0,16.4,0.367,28.7,60.4,0.475,20.0,25.9,0.775,11.5,30.3,41.9,21.2,7.7,5.5,14.2,21.1,95.5,2004
11.0,Cleveland Cavaliers,82,242.1,35.5,78.6,0.452,5.1,13.7,0.376,30.4,64.9,0.468,19.5,26.0,0.75,11.4,28.3,39.8,21.2,6.7,5.1,14.8,21.6,95.7,2004
12.0,Los Angeles Clippers,82,244.3,35.8,80.7,0.444,5.9,16.1,0.368,29.9,64.6,0.462,19.0,24.9,0.762,12.0,27.5,39.5,21.1,7.8,4.8,13.7,23.6,96.5,2004
13.0,Seattle SuperSonics*,82,240.9,35.8,77.8,0.459,5.7,16.1,0.357,30.0,61.8,0.486,19.4,25.9,0.749,11.3,26.5,37.9,20.7,6.2,4.8,13.2,23.8,96.6,2004
14.0,Dallas Mavericks*,82,240.6,35.9,81.9,0.438,5.5,16.7,0.33,30.4,65.2,0.466,19.5,25.9,0.754,13.1,30.1,43.2,20.9,7.1,4.9,15.6,23.2,96.8,2004
15.0,Portland Trail Blazers,82,240.6,37.3,83.4,0.447,5.4,15.6,0.343,31.9,67.8,0.471,17.0,22.6,0.755,14.0,28.2,42.2,23.5,8.5,5.0,13.4,20.4,96.9,2004
16.0,Utah Jazz,82,241.2,33.3,72.7,0.458,5.9,15.8,0.375,27.4,56.9,0.481,24.7,32.4,0.764,10.5,27.2,37.7,19.4,7.9,5.8,14.4,25.1,97.3,2004
17.0,Denver Nuggets*,82,240.9,36.0,80.6,0.447,5.6,16.4,0.345,30.3,64.2,0.472,19.9,26.7,0.746,11.9,29.8,41.7,21.7,7.8,5.6,16.4,23.9,97.5,2004
18.0,New York Knicks,82,242.4,36.6,78.7,0.465,5.7,15.6,0.364,30.9,63.1,0.49,20.9,27.6,0.756,11.8,29.9,41.7,20.7,7.3,4.7,14.6,21.2,99.7,2004
19.0,Philadelphia 76ers*,82,242.1,35.7,80.7,0.443,6.9,19.0,0.362,28.8,61.7,0.468,21.5,28.0,0.767,11.6,32.5,44.1,22.9,8.3,4.7,17.0,23.5,99.9,2004
20.0,Milwaukee Bucks,82,241.2,37.8,81.4,0.464,5.6,16.5,0.343,32.1,65.0,0.494,19.0,24.7,0.771,11.4,29.4,40.8,23.8,7.5,4.5,13.0,23.8,100.2,2004
21.0,Charlotte Bobcats,82,242.4,36.8,79.4,0.463,5.4,14.9,0.361,31.4,64.4,0.487,21.3,27.8,0.767,11.7,31.5,43.2,21.6,7.6,5.4,15.8,22.7,100.2,2004
22.0,Boston Celtics*,82,242.4,36.1,81.3,0.444,6.0,16.7,0.356,30.1,64.6,0.467,22.3,29.5,0.753,12.7,29.6,42.3,22.7,8.7,4.9,15.6,23.6,100.4,2004
23.0,Washington Wizards*,82,241.2,37.8,82.3,0.459,6.4,17.5,0.364,31.4,64.8,0.485,18.9,24.8,0.762,12.4,30.6,43.0,23.0,7.1,5.0,15.9,24.3,100.8,2004
24.0,Golden State Warriors,82,242.7,38.2,83.4,0.458,5.5,15.1,0.363,32.7,68.3,0.479,19.0,25.5,0.745,12.9,33.8,46.7,22.7,7.0,5.1,15.3,21.7,100.9,2004
25.0,Toronto Raptors,82,241.5,38.2,81.8,0.467,5.3,14.9,0.356,32.9,66.9,0.492,19.6,26.4,0.744,12.1,33.2,45.3,22.1,6.2,4.4,14.4,21.9,101.4,2004
26.0,Sacramento Kings*,82,242.1,38.9,84.6,0.459,5.7,16.1,0.357,33.1,68.6,0.483,18.1,24.5,0.738,13.4,30.9,44.3,21.5,7.6,4.5,14.7,21.5,101.6,2004
27.0,Los Angeles Lakers,82,241.2,38.3,84.5,0.453,6.7,18.6,0.361,31.6,65.9,0.479,18.4,23.5,0.78,12.5,29.9,42.4,24.4,7.6,5.1,11.8,22.1,101.7,2004
28.0,Orlando Magic,82,240.3,37.6,83.2,0.451,5.4,15.7,0.343,32.2,67.5,0.477,21.2,28.1,0.754,12.5,29.6,42.1,21.3,8.5,4.3,14.5,23.4,101.8,2004
29.0,Atlanta Hawks,82,242.1,37.1,77.9,0.476,5.7,15.0,0.379,31.4,62.9,0.5,22.5,29.2,0.77,11.0,30.3,41.3,22.0,8.7,5.9,14.8,21.7,102.5,2004
30.0,Phoenix Suns*,82,241.2,40.6,91.3,0.445,6.0,18.0,0.335,34.6,73.3,0.472,16.1,21.6,0.744,15.0,31.1,46.1,21.2,7.6,4.2,13.8,21.3,103.3,2004
,League Average,82,241.9,35.9,80.3,0.447,5.6,15.8,0.356,30.3,64.6,0.47,19.7,26.1,0.756,12.0,29.8,41.9,21.3,7.5,4.9,14.5,22.6,97.2,2004
1.0,Memphis Grizzlies*,82,242.1,32.8,75.3,0.436,5.0,14.9,0.334,27.8,60.4,0.461,17.9,23.7,0.754,11.3,29.3,40.6,19.6,7.3,5.6,14.8,22.8,88.5,2005
2.0,San Antonio Spurs*,82,241.5,33.9,78.3,0.433,3.7,10.8,0.339,30.3,67.5,0.449,17.2,23.3,0.74,10.8,29.5,40.3,16.3,7.3,4.2,13.9,20.8,88.8,2005
3.0,Detroit Pistons*,82,241.8,35.5,78.7,0.452,4.0,12.3,0.325,31.5,66.3,0.476,15.1,20.5,0.736,11.6,29.3,40.9,18.8,5.9,3.5,14.0,21.0,90.2,2005
4.0,Houston Rockets,82,241.8,33.0,77.0,0.429,6.6,17.9,0.369,26.4,59.1,0.447,19.0,26.0,0.731,10.7,30.2,40.9,20.1,7.1,4.5,13.3,20.9,91.7,2005
5.0,Indiana Pacers*,82,240.6,34.5,79.3,0.435,4.5,13.2,0.343,30.0,66.1,0.454,18.4,25.1,0.733,11.8,29.5,41.3,18.5,8.1,4.9,13.6,22.0,92.0,2005
6.0,New Jersey Nets*,82,241.2,33.3,75.9,0.439,5.7,16.3,0.348,27.6,59.6,0.464,20.2,27.2,0.741,9.6,31.7,41.3,20.0,7.2,4.0,14.4,23.0,92.4,2005
7.0,Dallas Mavericks*,82,242.4,34.2,77.1,0.443,4.9,13.7,0.361,29.2,63.4,0.461,19.8,26.4,0.752,11.4,26.9,38.3,17.5,6.5,4.9,14.0,23.9,93.1,2005
8.0,Minnesota Timberwolves,82,242.1,34.8,79.0,0.441,5.5,15.0,0.364,29.3,64.0,0.459,18.6,25.3,0.736,11.9,29.4,41.3,19.0,6.6,4.6,13.9,21.2,93.6,2005
9.0,Utah Jazz,82,242.4,33.3,74.1,0.449,6.0,15.8,0.378,27.3,58.3,0.469,22.4,30.1,0.746,10.6,27.3,37.9,18.4,8.1,5.6,14.2,25.7,95.0,2005
10.0,Cleveland Cavaliers*,82,241.8,36.0,79.0,0.455,5.6,15.7,0.356,30.4,63.3,0.48,17.8,24.0,0.742,9.8,29.5,39.4,20.3,6.6,4.4,13.2,22.5,95.4,2005
11.0,Los Angeles Clippers*,82,241.5,35.2,81.0,0.435,5.8,16.7,0.347,29.4,64.3,0.458,19.4,26.5,0.732,10.5,29.7,40.1,21.5,7.0,4.3,12.8,21.7,95.6,2005
12.0,New Orleans/Oklahoma City Hornets,82,241.5,35.2,76.7,0.459,6.7,18.1,0.367,28.5,58.5,0.487,18.7,24.6,0.76,10.5,30.5,41.0,19.3,6.4,5.3,14.6,23.3,95.6,2005
13.0,Miami Heat*,82,240.9,35.0,79.6,0.44,6.0,16.6,0.361,29.0,63.0,0.461,20.0,27.1,0.739,10.1,28.8,38.8,19.5,6.8,3.6,13.0,23.6,96.0,2005
14.0,Orlando Magic,82,242.7,35.0,77.2,0.454,5.6,15.7,0.357,29.4,61.5,0.478,20.4,27.9,0.732,11.1,27.3,38.4,20.0,7.5,4.7,13.4,23.2,96.0,2005
15.0,Los Angeles Lakers*,82,242.1,35.9,79.8,0.45,5.8,16.4,0.353,30.1,63.5,0.475,19.3,25.9,0.747,10.9,29.3,40.1,21.1,6.5,4.3,14.1,23.5,96.9,2005
16.0,Chicago Bulls*,82,242.7,33.8,79.5,0.426,6.1,17.4,0.351,27.7,62.0,0.447,23.4,30.1,0.777,10.7,31.0,41.7,20.1,7.5,5.1,15.0,23.0,97.2,2005
17.0,Sacramento Kings*,82,241.8,37.2,82.0,0.454,5.6,16.0,0.351,31.6,66.0,0.479,17.2,23.1,0.747,11.6,30.5,42.1,21.1,8.0,4.9,14.6,23.0,97.3,2005
18.0,Portland Trail Blazers,82,240.6,37.0,78.9,0.468,6.1,15.9,0.381,30.9,63.0,0.491,18.3,24.0,0.76,12.5,29.8,42.4,21.2,7.2,4.9,12.9,20.8,98.3,2005
19.0,Milwaukee Bucks*,82,242.1,36.2,77.8,0.466,6.0,16.9,0.354,30.3,61.0,0.497,20.4,27.3,0.747,10.1,30.2,40.3,22.5,7.4,5.0,14.4,23.6,98.8,2005
20.0,Boston Celtics,82,242.4,35.9,78.8,0.456,5.4,15.4,0.353,30.5,63.4,0.481,22.3,30.0,0.743,11.1,28.9,40.0,21.5,8.4,4.9,14.8,22.4,99.5,2005
21.0,Golden State Warriors,82,241.8,37.2,81.4,0.457,5.7,16.3,0.351,31.4,65.1,0.483,19.8,26.7,0.743,12.0,32.5,44.5,22.3,7.0,5.0,15.3,23.4,99.8,2005
22.0,Washington Wizards*,82,241.8,36.8,79.0,0.465,6.1,16.8,0.363,30.6,62.2,0.493,20.2,27.1,0.745,11.8,30.2,42.0,21.5,6.5,4.2,16.2,25.3,99.8,2005
23.0,Denver Nuggets*,82,243.0,37.4,82.5,0.454,6.5,18.0,0.358,31.0,64.4,0.481,18.8,25.5,0.736,11.8,30.1,41.9,23.9,7.1,5.3,16.1,23.3,100.1,2005
24.0,Charlotte Bobcats,82,242.7,37.4,78.2,0.478,5.6,15.7,0.356,31.8,62.5,0.509,20.5,27.8,0.737,11.5,32.5,44.0,22.9,7.0,5.4,17.9,23.5,100.9,2005
25.0,Philadelphia 76ers,82,242.7,37.8,81.7,0.463,6.1,17.3,0.351,31.7,64.4,0.493,19.6,25.7,0.762,11.9,30.9,42.8,23.0,7.7,4.7,15.5,23.1,101.3,2005
26.0,New York Knicks,82,243.0,36.2,77.5,0.467,6.9,18.2,0.378,29.3,59.3,0.494,22.8,30.2,0.753,10.8,27.8,38.6,21.3,8.2,5.3,14.1,25.4,102.0,2005
27.0,Atlanta Hawks,82,242.4,37.5,78.5,0.478,5.4,14.7,0.368,32.1,63.8,0.503,21.6,28.9,0.745,12.0,28.5,40.4,20.6,7.3,5.1,15.0,22.6,102.0,2005
28.0,Phoenix Suns*,82,243.4,39.5,87.1,0.454,6.3,17.4,0.363,33.3,69.7,0.477,17.4,23.9,0.731,12.5,33.4,45.9,18.9,7.2,3.4,14.9,19.8,102.8,2005
29.0,Toronto Raptors,82,243.4,38.6,78.6,0.491,6.2,16.6,0.373,32.4,62.0,0.522,20.7,27.6,0.748,10.2,31.0,41.1,23.6,6.3,4.4,14.2,22.4,104.0,2005
30.0,Seattle SuperSonics,82,241.8,39.0,80.4,0.485,6.6,17.6,0.375,32.4,62.8,0.516,20.9,27.5,0.76,12.2,28.2,40.5,24.1,7.3,4.9,14.6,22.2,105.6,2005
,League Average,82,242.1,35.8,79.0,0.454,5.7,16.0,0.358,30.1,63.0,0.478,19.6,26.3,0.745,11.2,29.8,41.0,20.6,7.2,4.7,14.4,22.8,97.0,2005
1.0,San Antonio Spurs*,82,241.2,34.9,78.8,0.443,4.5,13.4,0.334,30.4,65.4,0.465,15.9,21.4,0.74,10.1,29.0,39.1,17.3,7.1,4.1,14.3,21.2,90.1,2006
2.0,Detroit Pistons*,82,242.4,34.4,77.3,0.445,5.0,14.7,0.339,29.4,62.6,0.47,18.1,24.5,0.74,11.9,29.3,41.2,20.1,6.4,3.5,14.7,20.3,91.8,2006
3.0,Houston Rockets*,82,242.1,34.1,79.3,0.429,5.8,16.4,0.351,28.3,62.9,0.45,18.3,24.4,0.749,9.8,31.1,40.8,19.4,7.0,4.3,14.2,19.9,92.1,2006
4.0,Dallas Mavericks*,82,240.9,34.0,76.1,0.447,4.6,13.1,0.349,29.5,63.0,0.467,20.2,27.0,0.746,10.2,27.9,38.1,17.9,6.9,3.8,14.5,22.1,92.8,2006
5.0,Cleveland Cavaliers*,82,242.4,34.6,77.3,0.448,4.9,15.0,0.329,29.7,62.3,0.476,18.8,25.6,0.734,9.8,30.0,39.9,20.1,6.6,4.3,15.3,22.0,92.9,2006
6.0,Chicago Bulls*,82,241.2,34.1,78.2,0.435,5.9,16.9,0.349,28.2,61.3,0.459,19.7,27.1,0.73,10.9,30.0,40.9,20.4,7.5,5.3,17.4,23.2,93.8,2006
7.0,Orlando Magic*,82,241.2,33.4,75.5,0.442,5.6,15.9,0.353,27.8,59.6,0.466,21.6,28.4,0.76,10.5,27.0,37.6,19.6,8.3,4.6,15.0,23.4,94.0,2006
8.0,Miami Heat*,82,242.1,35.3,79.5,0.444,6.5,18.2,0.355,28.8,61.2,0.471,18.5,24.9,0.742,11.2,30.1,41.3,20.2,6.9,3.8,14.5,21.8,95.5,2006
9.0,Los Angeles Clippers,82,240.6,35.5,78.5,0.452,5.5,16.4,0.339,30.0,62.1,0.482,19.5,26.1,0.748,10.3,29.0,39.3,21.0,7.1,3.9,13.8,22.3,96.1,2006
10.0,New Orleans/Oklahoma City Hornets,82,242.4,36.6,80.2,0.457,6.8,19.2,0.355,29.8,61.0,0.489,17.0,22.4,0.759,10.4,30.4,40.8,20.8,6.8,4.8,13.6,21.1,97.1,2006
11.0,Philadelphia 76ers,82,242.4,37.1,80.1,0.463,6.1,17.4,0.353,30.9,62.8,0.493,17.7,23.5,0.754,11.8,29.3,41.1,22.3,7.4,3.9,15.6,22.0,98.0,2006
12.0,Indiana Pacers,82,241.2,35.7,78.2,0.457,5.3,14.3,0.372,30.4,63.9,0.476,21.2,28.2,0.753,11.2,30.5,41.6,20.0,7.9,5.0,15.7,23.7,98.0,2006
13.0,New Jersey Nets*,82,242.4,35.5,79.0,0.45,6.3,17.7,0.357,29.2,61.2,0.476,21.0,27.6,0.762,10.6,30.8,41.4,22.0,7.1,4.5,14.5,23.0,98.3,2006
14.0,Portland Trail Blazers,82,243.4,36.1,76.7,0.471,5.7,15.8,0.361,30.4,61.0,0.499,20.5,26.3,0.778,10.4,28.6,39.0,20.8,6.6,4.6,13.7,21.3,98.4,2006
15.0,Atlanta Hawks,82,242.4,36.0,77.3,0.466,5.7,15.1,0.376,30.3,62.2,0.488,20.7,28.2,0.734,11.6,28.9,40.5,21.1,7.3,5.1,15.2,22.6,98.4,2006
16.0,Toronto Raptors*,82,240.9,37.2,80.4,0.463,6.5,18.2,0.357,30.7,62.2,0.494,17.6,23.3,0.754,10.3,32.2,42.5,21.2,6.0,3.9,15.1,21.8,98.5,2006
17.0,Utah Jazz*,82,241.5,34.4,75.5,0.455,6.2,17.4,0.355,28.2,58.1,0.485,23.7,30.9,0.767,9.9,27.1,37.0,18.9,7.6,5.3,15.0,24.5,98.6,2006
18.0,Boston Celtics,82,242.1,36.2,77.3,0.468,5.2,14.8,0.354,30.9,62.5,0.495,21.7,29.0,0.747,10.3,30.2,40.5,22.1,7.4,5.5,15.2,21.4,99.2,2006
19.0,Minnesota Timberwolves,82,244.0,37.5,81.6,0.46,6.3,18.1,0.348,31.2,63.4,0.492,18.4,24.2,0.76,11.7,29.7,41.4,21.7,7.1,4.4,14.2,20.5,99.7,2006
20.0,New York Knicks,82,244.0,36.8,80.1,0.46,7.0,18.6,0.376,29.9,61.5,0.485,19.7,26.0,0.756,10.8,28.0,38.8,21.3,7.5,5.0,13.7,22.9,100.3,2006
21.0,Charlotte Bobcats,82,244.0,36.6,78.7,0.465,5.5,15.2,0.363,31.1,63.5,0.489,22.0,29.3,0.75,11.3,31.2,42.6,20.9,7.4,5.3,15.8,21.8,100.6,2006
22.0,Seattle SuperSonics,82,241.8,38.1,80.1,0.476,6.3,17.5,0.361,31.8,62.6,0.508,19.5,25.9,0.751,11.6,29.4,41.0,22.8,7.2,4.2,15.0,19.9,102.0,2006
23.0,Phoenix Suns*,82,242.7,39.5,86.4,0.457,6.1,16.9,0.363,33.3,69.5,0.48,17.8,23.2,0.767,12.3,30.5,42.8,18.9,6.9,3.7,15.1,21.5,102.9,2006
24.0,Sacramento Kings,82,241.5,38.4,81.4,0.472,6.8,18.6,0.365,31.6,62.8,0.503,19.5,25.8,0.757,11.1,32.3,43.4,22.4,7.0,4.9,16.3,24.3,103.1,2006
25.0,Los Angeles Lakers*,82,244.3,37.8,81.9,0.461,6.4,17.8,0.358,31.4,64.1,0.49,21.5,28.3,0.76,11.6,30.6,42.2,21.9,7.9,5.0,14.7,23.4,103.4,2006
26.0,Denver Nuggets*,82,241.2,39.7,86.4,0.46,6.8,19.1,0.353,33.0,67.3,0.49,17.5,23.7,0.739,12.3,30.0,42.3,24.5,8.3,5.2,16.4,23.7,103.7,2006
27.0,Milwaukee Bucks,82,242.1,39.0,81.4,0.48,6.9,18.7,0.368,32.1,62.6,0.513,19.1,25.7,0.742,13.0,30.1,43.0,25.3,7.5,5.3,15.7,21.0,104.0,2006
28.0,Washington Wizards*,82,241.8,38.6,81.7,0.473,7.3,19.3,0.377,31.3,62.4,0.502,20.3,26.2,0.777,11.9,31.1,43.0,23.7,6.3,4.6,15.7,23.5,104.9,2006
29.0,Memphis Grizzlies,82,243.7,40.1,82.5,0.486,7.0,18.0,0.389,33.1,64.4,0.513,19.5,25.8,0.759,11.8,30.3,42.0,25.1,8.3,5.5,15.3,24.3,106.7,2006
30.0,Golden State Warriors*,82,240.9,38.7,83.8,0.462,7.4,20.3,0.366,31.2,63.5,0.492,22.1,29.5,0.75,13.1,33.3,46.4,24.7,8.3,4.9,18.6,22.3,106.9,2006
,League Average,82,242.2,36.5,79.7,0.458,6.1,16.9,0.358,30.5,62.8,0.485,19.6,26.1,0.752,11.1,29.9,41.1,21.3,7.2,4.6,15.1,22.2,98.7,2006
1.0,Detroit Pistons*,82,240.6,33.3,76.1,0.437,5.0,15.0,0.332,28.3,61.0,0.463,18.6,25.0,0.744,10.5,28.6,39.1,19.1,5.8,3.9,13.5,19.7,90.1,2007
2.0,Boston Celtics*,82,240.9,32.4,77.3,0.419,5.9,18.7,0.316,26.5,58.6,0.452,19.6,26.3,0.743,11.0,27.9,38.9,18.8,7.2,4.7,16.0,22.2,90.3,2007
3.0,San Antonio Spurs*,82,240.6,34.8,78.4,0.444,5.1,15.0,0.342,29.7,63.5,0.468,15.8,20.9,0.756,9.5,30.8,40.3,18.2,6.9,4.4,12.9,19.8,90.6,2007
4.0,Houston Rockets*,82,240.6,34.8,80.4,0.433,5.3,14.5,0.365,29.5,66.0,0.447,17.2,23.3,0.737,10.9,29.8,40.7,18.9,7.6,4.6,13.3,19.7,92.0,2007
5.0,New Orleans Hornets*,82,241.5,37.0,80.5,0.46,6.6,18.9,0.351,30.4,61.6,0.494,14.8,19.3,0.771,9.9,30.9,40.8,21.7,5.7,4.0,13.9,19.2,95.6,2007
6.0,Dallas Mavericks*,82,240.6,35.4,79.9,0.443,5.0,14.2,0.349,30.4,65.6,0.463,20.1,26.4,0.76,10.8,29.5,40.3,18.9,6.5,4.4,12.2,21.2,95.9,2007
7.0,Philadelphia 76ers*,82,240.9,36.6,79.3,0.461,6.8,18.9,0.36,29.8,60.4,0.493,16.2,21.0,0.772,11.3,28.0,39.2,23.2,6.7,5.1,15.7,20.8,96.2,2007
8.0,Portland Trail Blazers,82,242.7,36.4,80.7,0.451,6.5,18.3,0.356,29.9,62.4,0.479,17.1,22.3,0.766,11.7,30.1,41.7,20.9,6.0,3.7,12.5,20.2,96.3,2007
9.0,Cleveland Cavaliers*,82,242.1,35.8,78.8,0.455,6.2,17.3,0.357,29.7,61.5,0.482,18.9,25.2,0.748,9.9,30.5,40.4,21.0,6.8,4.7,13.3,20.3,96.7,2007
10.0,Toronto Raptors*,82,241.8,36.7,80.1,0.458,7.5,20.5,0.368,29.1,59.6,0.489,16.4,21.1,0.776,10.1,31.5,41.6,21.9,5.7,4.1,14.0,18.4,97.3,2007
11.0,Orlando Magic*,82,241.2,37.3,83.6,0.446,6.3,17.6,0.358,31.0,66.0,0.469,18.2,24.1,0.754,11.0,30.7,41.7,21.5,7.1,4.2,13.2,23.1,99.0,2007
12.0,Washington Wizards*,82,242.7,36.8,79.7,0.461,8.3,21.6,0.386,28.4,58.2,0.489,17.3,22.9,0.754,11.0,30.2,41.2,23.9,6.5,4.4,14.0,20.2,99.2,2007
13.0,Utah Jazz*,82,240.3,35.3,76.7,0.461,6.2,17.3,0.357,29.1,59.4,0.491,22.5,30.1,0.749,10.3,27.5,37.8,19.9,7.5,5.1,15.9,23.1,99.3,2007
14.0,Miami Heat,82,241.8,36.9,79.0,0.468,6.7,18.3,0.369,30.2,60.7,0.497,19.4,25.7,0.755,11.2,31.9,43.1,22.2,7.7,4.2,14.2,20.1,100.0,2007
15.0,Atlanta Hawks*,82,242.1,38.0,82.1,0.463,6.2,17.2,0.362,31.7,64.9,0.489,17.8,23.7,0.752,11.8,29.1,40.9,22.3,7.5,5.1,13.7,21.9,100.0,2007
16.0,Chicago Bulls,82,241.5,36.4,80.3,0.453,7.0,18.6,0.375,29.4,61.7,0.476,20.7,27.0,0.766,11.1,31.5,42.6,21.9,7.9,5.7,15.3,21.3,100.4,2007
17.0,New Jersey Nets,82,241.8,36.4,79.8,0.456,6.5,17.7,0.369,29.9,62.1,0.48,21.6,28.2,0.768,10.9,30.7,41.6,22.1,8.1,4.4,13.4,22.4,100.9,2007
18.0,Los Angeles Clippers,82,241.5,38.0,81.3,0.467,5.9,17.0,0.349,32.0,64.4,0.498,19.2,25.6,0.751,11.2,32.4,43.6,22.4,7.2,4.7,13.6,21.6,101.1,2007
19.0,Los Angeles Lakers*,82,241.2,38.1,85.6,0.445,6.8,18.7,0.362,31.4,67.0,0.469,18.3,24.3,0.752,12.0,30.7,42.8,21.9,7.7,4.5,14.2,22.6,101.3,2007
20.0,Charlotte Bobcats,82,242.4,38.0,81.5,0.466,6.3,17.8,0.355,31.7,63.8,0.497,19.2,25.6,0.747,12.2,31.6,43.7,21.8,7.6,5.8,14.4,21.0,101.4,2007
21.0,Minnesota Timberwolves,82,240.6,37.3,79.0,0.472,6.6,18.5,0.357,30.7,60.5,0.507,21.2,27.6,0.769,10.6,31.0,41.7,23.2,7.4,5.7,13.5,17.5,102.4,2007
22.0,New York Knicks,82,242.4,38.8,81.8,0.474,7.2,19.4,0.369,31.7,62.4,0.507,18.7,25.3,0.739,11.3,31.4,42.6,21.6,7.6,5.2,12.8,20.3,103.5,2007
23.0,Milwaukee Bucks,82,242.1,38.4,80.0,0.48,7.2,18.7,0.384,31.2,61.4,0.509,20.0,26.1,0.766,10.6,30.0,40.7,23.3,7.9,4.9,13.7,21.1,103.9,2007
24.0,Sacramento Kings,82,241.8,38.3,82.1,0.466,7.3,19.5,0.373,31.0,62.6,0.495,21.0,27.9,0.753,11.8,30.1,41.9,22.9,8.1,5.5,15.2,23.1,104.8,2007
25.0,Phoenix Suns*,82,241.2,41.1,90.0,0.456,5.7,16.2,0.353,35.4,73.8,0.479,17.2,22.9,0.749,13.4,30.5,43.9,19.6,7.3,3.8,13.4,21.1,105.0,2007
26.0,Indiana Pacers,82,240.9,37.7,83.1,0.454,7.4,19.2,0.386,30.3,64.0,0.474,22.6,29.8,0.757,11.3,34.1,45.5,22.2,8.1,5.1,15.8,21.7,105.4,2007
27.0,Seattle SuperSonics,82,241.8,40.1,87.0,0.461,7.4,19.2,0.385,32.7,67.8,0.482,18.7,25.0,0.749,11.7,32.4,44.1,24.4,8.6,5.4,13.2,19.6,106.3,2007
28.0,Memphis Grizzlies,82,241.5,41.4,86.3,0.48,7.2,19.8,0.364,34.2,66.5,0.514,16.9,21.8,0.774,11.4,33.2,44.5,23.9,8.7,4.9,13.4,22.5,106.9,2007
29.0,Denver Nuggets*,82,242.1,40.7,89.1,0.457,7.6,20.9,0.363,33.1,68.2,0.485,18.1,24.7,0.73,12.7,32.7,45.4,25.7,7.9,4.8,16.4,23.8,107.0,2007
30.0,Golden State Warriors,82,241.2,39.9,85.3,0.468,7.0,19.0,0.368,32.9,66.4,0.496,22.0,29.0,0.759,12.8,34.2,47.0,23.6,6.9,5.0,16.9,21.2,108.8,2007
,League Average,82,241.5,37.3,81.5,0.457,6.6,18.1,0.362,30.7,63.4,0.484,18.8,24.9,0.755,11.2,30.8,42.0,21.8,7.3,4.7,14.1,21.0,99.9,2007
1.0,Cleveland Cavaliers*,82,241.2,33.8,78.6,0.431,5.9,17.6,0.333,28.0,60.9,0.459,17.8,23.1,0.77,10.7,28.2,38.9,19.1,6.3,4.1,13.9,20.3,91.4,2008
2.0,San Antonio Spurs*,82,242.7,36.3,80.1,0.453,5.5,14.4,0.379,30.8,65.7,0.469,15.3,19.9,0.769,9.1,31.3,40.4,18.1,6.5,4.3,11.7,18.4,93.3,2008
3.0,Boston Celtics*,82,242.4,33.7,78.3,0.431,6.2,17.7,0.349,27.5,60.6,0.454,19.8,25.7,0.771,10.2,27.4,37.6,18.9,7.1,4.7,14.6,22.2,93.4,2008
4.0,Portland Trail Blazers*,82,241.8,35.4,76.9,0.46,5.9,15.9,0.374,29.4,61.0,0.482,17.4,21.7,0.803,9.6,26.7,36.3,19.4,6.3,3.9,13.2,21.1,94.1,2008
5.0,New Orleans Hornets*,82,240.9,34.8,77.2,0.45,7.0,19.8,0.354,27.8,57.4,0.484,17.7,22.9,0.773,10.0,30.0,40.0,20.1,5.8,3.5,13.3,20.4,94.3,2008
6.0,Houston Rockets*,82,241.5,36.5,82.1,0.444,5.7,15.8,0.357,30.8,66.3,0.465,15.8,21.1,0.749,10.6,29.3,39.9,19.8,7.2,5.3,12.3,20.6,94.4,2008
7.0,Orlando Magic*,82,240.6,35.8,82.7,0.433,5.4,15.8,0.342,30.4,66.9,0.454,17.3,23.0,0.755,10.5,31.6,42.1,18.1,6.9,3.8,13.1,22.4,94.4,2008
8.0,Detroit Pistons*,82,242.7,35.1,77.8,0.451,5.3,15.0,0.354,29.8,62.8,0.474,19.3,24.9,0.775,10.5,29.9,40.4,20.1,5.6,4.2,11.8,19.7,94.7,2008
9.0,Charlotte Bobcats,82,243.0,35.2,77.4,0.454,6.8,18.6,0.366,28.4,58.8,0.482,17.8,23.5,0.756,10.7,28.2,38.9,19.6,7.6,6.0,14.7,20.9,94.9,2008
10.0,Atlanta Hawks*,82,240.3,36.6,80.6,0.454,6.4,18.2,0.353,30.2,62.4,0.484,16.9,22.0,0.769,11.6,30.3,41.9,20.8,6.5,4.3,13.7,20.5,96.5,2008
11.0,Philadelphia 76ers*,82,240.9,36.5,79.1,0.462,7.1,19.5,0.367,29.4,59.7,0.493,17.1,21.9,0.782,11.4,27.9,39.3,21.9,7.0,4.9,15.6,21.8,97.3,2008
12.0,Miami Heat*,82,243.4,35.6,78.2,0.455,7.2,18.5,0.389,28.4,59.7,0.476,19.6,25.4,0.771,10.9,30.9,41.9,20.1,6.4,4.1,15.2,19.9,98.0,2008
13.0,Los Angeles Lakers*,82,241.2,37.2,83.2,0.447,7.1,20.7,0.345,30.0,62.5,0.481,17.7,23.5,0.753,11.7,29.8,41.5,22.6,7.7,4.8,15.5,22.1,99.3,2008
14.0,Memphis Grizzlies,82,241.5,36.8,77.8,0.473,6.5,18.4,0.355,30.3,59.4,0.51,19.2,24.9,0.77,10.3,29.6,39.9,21.2,7.7,5.4,14.6,21.8,99.3,2008
15.0,Dallas Mavericks*,82,241.5,37.5,82.3,0.455,6.3,16.8,0.375,31.1,65.5,0.475,18.6,23.3,0.798,10.8,30.6,41.4,19.6,7.2,4.1,13.0,20.1,99.8,2008
16.0,Milwaukee Bucks,82,241.2,34.8,76.0,0.458,6.9,18.1,0.378,28.0,57.9,0.483,23.9,30.2,0.791,10.1,30.8,41.0,21.1,7.5,4.6,16.5,22.5,100.4,2008
17.0,New Jersey Nets,82,241.8,36.0,77.9,0.462,7.3,18.7,0.391,28.7,59.1,0.485,21.2,27.8,0.762,10.6,30.8,41.4,21.9,6.9,4.8,13.5,20.5,100.5,2008
18.0,Denver Nuggets*,82,240.6,36.2,82.2,0.44,7.3,20.0,0.366,28.8,62.1,0.464,21.2,27.2,0.782,12.1,29.2,41.2,21.4,7.9,5.5,15.4,23.7,100.9,2008
19.0,Utah Jazz*,82,242.4,36.8,79.4,0.464,6.5,18.0,0.361,30.3,61.3,0.494,20.8,27.2,0.763,11.1,29.2,40.3,20.0,8.0,5.2,16.1,24.0,100.9,2008
20.0,Toronto Raptors,82,241.5,38.7,83.3,0.465,7.7,20.9,0.367,31.0,62.3,0.498,16.8,21.5,0.784,10.9,31.0,41.9,23.0,6.4,4.7,13.3,20.1,101.9,2008
21.0,Chicago Bulls*,82,243.0,38.3,83.7,0.458,5.9,17.1,0.347,32.4,66.6,0.486,19.9,25.3,0.786,12.4,30.4,42.8,21.0,7.6,5.5,14.4,20.8,102.5,2008
22.0,Minnesota Timberwolves,82,241.5,37.9,80.0,0.474,6.5,17.3,0.377,31.4,62.7,0.5,20.3,26.2,0.778,9.9,31.0,40.9,21.5,7.4,5.9,12.5,20.0,102.7,2008
23.0,Oklahoma City Thunder,82,241.5,39.4,82.9,0.475,6.4,17.5,0.364,33.0,65.4,0.505,17.9,23.5,0.761,10.8,30.4,41.2,21.6,8.5,5.0,13.9,20.2,103.1,2008
24.0,Washington Wizards,82,240.3,38.6,80.1,0.482,8.2,21.2,0.387,30.4,58.8,0.516,18.1,23.9,0.759,11.4,30.4,41.8,24.6,7.2,5.3,13.9,20.0,103.5,2008
25.0,Los Angeles Clippers,82,242.4,39.2,83.0,0.473,6.5,17.5,0.375,32.7,65.5,0.499,18.9,24.8,0.76,11.7,32.4,44.1,23.8,8.0,5.0,13.3,19.6,103.9,2008
26.0,Indiana Pacers,82,241.8,38.3,83.7,0.458,6.9,18.5,0.375,31.4,65.2,0.481,22.6,29.6,0.764,11.1,33.0,44.1,21.1,7.7,5.4,14.0,20.6,106.2,2008
27.0,Phoenix Suns,82,240.9,40.0,85.7,0.467,7.6,19.9,0.383,32.3,65.7,0.492,19.9,25.7,0.775,12.1,28.7,40.8,21.2,8.6,4.5,14.2,22.9,107.5,2008
28.0,New York Knicks,82,241.5,41.2,85.9,0.48,7.0,19.8,0.351,34.2,66.0,0.518,18.5,24.4,0.758,11.6,34.5,46.1,21.6,8.0,5.3,14.5,19.4,107.8,2008
29.0,Sacramento Kings,82,242.7,40.0,82.8,0.483,7.1,17.4,0.406,32.9,65.4,0.504,22.2,29.4,0.756,12.4,31.6,44.0,21.9,8.6,5.2,14.4,21.2,109.3,2008
30.0,Golden State Warriors,82,242.4,41.5,88.7,0.468,7.1,18.7,0.38,34.4,70.0,0.491,22.3,28.6,0.779,14.2,32.9,47.1,24.1,7.9,5.0,15.0,23.5,112.3,2008
,League Average,82,241.7,37.1,80.9,0.459,6.6,18.1,0.367,30.5,62.8,0.485,19.1,24.7,0.771,11.0,30.3,41.3,21.0,7.3,4.8,14.0,21.0,100.0,2008
1.0,Charlotte Bobcats*,82,242.4,35.7,79.7,0.448,7.0,20.7,0.338,28.7,59.0,0.486,15.5,20.9,0.743,10.6,29.0,39.6,20.3,7.5,6.1,15.3,22.0,93.8,2009
2.0,Miami Heat*,82,242.4,34.3,78.1,0.439,6.4,18.7,0.342,27.9,59.5,0.469,19.2,25.5,0.754,10.4,30.3,40.7,18.8,6.3,4.3,14.4,20.0,94.2,2009
3.0,Portland Trail Blazers*,82,242.1,36.0,77.5,0.464,5.9,17.1,0.343,30.1,60.4,0.499,17.0,22.8,0.745,9.8,28.3,38.1,19.3,5.9,4.1,13.5,21.5,94.8,2009
4.0,Orlando Magic*,82,240.6,36.0,82.2,0.438,6.4,17.5,0.363,29.7,64.7,0.459,16.8,22.3,0.754,9.8,30.3,40.0,18.9,6.7,3.5,12.8,22.2,95.3,2009
5.0,Boston Celtics*,82,241.2,35.1,77.9,0.451,5.7,16.8,0.342,29.4,61.2,0.481,19.6,26.2,0.746,10.6,29.5,40.1,19.3,7.0,4.7,15.6,21.7,95.6,2009
6.0,Cleveland Cavaliers*,82,241.2,35.8,80.9,0.442,6.4,18.4,0.347,29.4,62.5,0.471,17.6,23.3,0.757,9.7,28.9,38.5,20.3,6.6,4.0,12.7,20.8,95.6,2009
7.0,Milwaukee Bucks*,82,243.7,35.0,77.6,0.451,5.3,15.6,0.343,29.7,62.0,0.478,20.6,27.0,0.765,9.6,33.2,42.8,19.3,7.0,5.1,15.3,20.3,96.0,2009
8.0,San Antonio Spurs*,82,241.2,36.9,81.6,0.452,5.0,14.6,0.343,31.9,67.0,0.476,17.5,23.1,0.756,9.9,29.6,39.5,19.2,6.9,5.1,12.6,20.4,96.3,2009
9.0,Los Angeles Lakers*,82,241.8,37.2,83.4,0.446,6.3,19.3,0.328,30.9,64.1,0.481,16.2,21.7,0.75,11.1,31.0,42.2,21.9,7.0,4.4,14.1,21.2,97.0,2009
10.0,Atlanta Hawks*,82,242.1,37.2,80.8,0.46,5.9,17.0,0.345,31.3,63.8,0.491,16.8,22.6,0.745,11.2,30.1,41.4,21.0,6.2,4.4,13.8,19.3,97.0,2009
11.0,Oklahoma City Thunder*,82,241.5,36.7,81.9,0.448,5.9,17.2,0.34,30.8,64.7,0.476,18.8,24.6,0.764,11.4,29.2,40.7,19.7,7.5,4.7,15.1,21.4,98.0,2009
12.0,Utah Jazz*,82,240.9,35.5,78.9,0.449,6.7,19.0,0.354,28.7,59.9,0.48,21.2,27.9,0.762,10.2,29.0,39.2,19.9,7.7,5.4,15.1,22.2,98.9,2009
13.0,Chicago Bulls*,82,242.7,37.1,84.0,0.442,7.1,20.5,0.348,30.0,63.5,0.472,17.8,23.9,0.744,11.2,31.6,42.7,20.9,7.0,5.3,13.3,20.0,99.1,2009
14.0,Detroit Pistons,82,241.2,36.2,75.3,0.48,6.9,18.5,0.375,29.2,56.8,0.515,19.9,25.9,0.767,9.9,29.5,39.4,23.1,6.7,4.9,14.3,20.8,99.1,2009
15.0,Dallas Mavericks*,82,242.4,37.9,83.0,0.457,6.4,18.5,0.347,31.5,64.5,0.488,17.1,22.5,0.758,11.2,31.6,42.9,20.2,6.9,4.1,14.6,20.1,99.3,2009
16.0,Washington Wizards,82,241.8,37.6,81.3,0.463,6.4,17.9,0.36,31.2,63.4,0.492,19.4,25.5,0.761,11.4,30.9,42.3,21.6,6.9,5.1,13.6,20.5,101.0,2009
17.0,New Jersey Nets,82,241.2,38.7,80.4,0.481,5.7,15.6,0.366,33.0,64.8,0.509,18.4,24.6,0.748,11.3,32.7,44.0,23.9,7.8,5.1,14.0,20.1,101.5,2009
18.0,Philadelphia 76ers,82,241.5,37.9,80.2,0.472,7.4,18.8,0.393,30.5,61.4,0.497,18.5,24.2,0.766,10.8,30.1,41.0,22.1,7.6,4.0,14.5,18.7,101.6,2009
19.0,Los Angeles Clippers,82,240.3,38.9,82.8,0.47,6.5,17.8,0.363,32.5,65.1,0.499,17.7,23.3,0.762,10.7,30.4,41.1,23.5,8.4,4.4,12.9,19.4,102.1,2009
20.0,Denver Nuggets*,82,241.2,37.7,82.5,0.456,6.4,18.3,0.349,31.3,64.2,0.487,20.7,26.9,0.768,11.6,30.6,42.3,21.0,7.0,5.3,15.1,23.7,102.4,2009
21.0,New Orleans Hornets,82,241.8,39.6,82.1,0.483,6.6,18.5,0.355,33.1,63.6,0.52,16.9,22.5,0.751,10.6,31.5,42.1,23.5,7.0,4.5,14.4,19.5,102.7,2009
22.0,Houston Rockets,82,242.7,39.5,83.0,0.475,6.0,16.4,0.364,33.5,66.7,0.503,17.9,23.4,0.764,10.7,32.1,42.8,20.9,7.3,6.5,14.7,22.4,102.7,2009
23.0,Indiana Pacers,82,240.3,38.0,83.8,0.453,6.2,17.1,0.363,31.7,66.7,0.476,21.6,28.6,0.756,11.8,34.8,46.6,20.7,8.0,5.0,15.0,20.8,103.8,2009
24.0,Memphis Grizzlies,82,242.7,40.0,83.5,0.478,7.0,19.7,0.354,33.0,63.8,0.517,17.1,22.7,0.755,11.1,28.6,39.7,22.9,7.7,6.1,14.2,22.4,104.0,2009
25.0,Sacramento Kings,82,242.4,39.0,83.3,0.469,6.1,17.0,0.357,33.0,66.3,0.497,20.3,26.2,0.774,11.1,31.0,42.0,20.5,7.1,5.7,13.7,20.1,104.4,2009
26.0,Phoenix Suns*,82,240.6,39.5,87.4,0.452,6.8,19.3,0.355,32.6,68.1,0.479,19.6,25.8,0.76,13.2,29.2,42.3,20.8,7.9,4.5,13.0,21.8,105.3,2009
27.0,New York Knicks,82,242.4,40.9,84.2,0.486,6.7,19.2,0.352,34.1,65.0,0.525,17.4,23.1,0.754,11.7,33.2,44.9,21.0,7.1,4.5,14.4,19.2,105.9,2009
28.0,Toronto Raptors,82,241.2,39.0,83.2,0.468,7.4,20.3,0.366,31.5,62.9,0.501,20.5,26.2,0.784,11.4,29.9,41.3,23.0,7.1,4.4,12.7,21.1,105.9,2009
29.0,Minnesota Timberwolves,82,241.2,40.8,84.9,0.48,7.5,20.6,0.366,33.2,64.3,0.517,18.7,24.2,0.774,11.2,32.2,43.4,25.6,8.8,5.4,14.3,20.6,107.8,2009
30.0,Golden State Warriors,82,240.6,41.6,85.8,0.485,6.9,18.5,0.375,34.7,67.3,0.515,22.3,29.1,0.767,13.4,34.7,48.1,24.1,7.9,5.0,17.6,21.4,112.4,2009
,League Average,82,241.7,37.7,81.7,0.461,6.4,18.1,0.355,31.3,63.6,0.492,18.6,24.5,0.759,11.0,30.8,41.7,21.2,7.2,4.9,14.2,20.9,100.4,2009
1.0,Boston Celtics*,82,241.2,33.8,77.7,0.434,5.4,15.9,0.34,28.4,61.8,0.459,18.2,24.1,0.756,10.5,29.1,39.6,18.7,7.0,4.4,15.4,20.2,91.1,2010
2.0,Chicago Bulls*,82,241.8,34.2,79.5,0.43,5.2,16.0,0.326,29.0,63.6,0.456,17.7,23.1,0.764,10.1,28.3,38.4,19.0,6.9,5.8,14.1,20.1,91.3,2010
3.0,Milwaukee Bucks,82,241.8,34.6,77.3,0.447,5.3,16.0,0.334,29.2,61.4,0.476,18.3,23.7,0.77,10.2,32.1,42.3,20.2,6.2,4.8,15.2,20.7,92.7,2010
4.0,Orlando Magic*,82,241.8,34.9,80.1,0.436,6.3,18.0,0.35,28.6,62.1,0.461,17.6,23.7,0.743,9.8,29.9,39.7,20.1,7.4,3.8,13.9,21.8,93.7,2010
5.0,New Orleans Hornets*,82,241.8,35.1,76.9,0.457,6.8,19.0,0.357,28.4,57.9,0.49,17.0,22.0,0.77,9.4,30.0,39.3,21.2,6.1,4.8,14.5,20.4,94.0,2010
6.0,Miami Heat*,82,241.2,35.0,80.7,0.434,6.7,19.3,0.345,28.3,61.3,0.462,18.0,24.1,0.744,10.5,28.6,39.2,20.1,7.0,3.0,13.2,21.8,94.6,2010
7.0,Portland Trail Blazers*,82,241.5,35.4,75.8,0.467,6.5,17.6,0.367,29.0,58.3,0.497,17.5,22.8,0.767,10.6,29.1,39.7,19.2,6.9,4.1,15.7,21.3,94.8,2010
8.0,Los Angeles Lakers*,82,241.8,36.7,84.0,0.437,6.8,20.3,0.335,29.9,63.7,0.469,15.2,19.9,0.765,12.2,29.3,41.5,22.3,7.1,4.5,13.6,20.7,95.4,2010
9.0,Atlanta Hawks*,82,240.6,36.7,79.7,0.46,5.6,16.6,0.338,31.1,63.2,0.492,16.8,21.7,0.774,10.2,30.3,40.6,21.4,6.7,4.2,12.5,18.5,95.8,2010
10.0,Dallas Mavericks*,82,240.3,36.5,81.2,0.45,6.2,18.0,0.343,30.3,63.1,0.481,16.7,22.3,0.75,10.7,30.0,40.7,20.6,7.6,3.7,13.6,20.1,96.0,2010
11.0,Charlotte Bobcats,82,241.5,36.0,79.2,0.455,7.0,19.6,0.359,29.0,59.5,0.487,18.2,23.3,0.78,9.8,29.8,39.6,21.7,7.3,6.0,13.2,21.1,97.3,2010
12.0,Philadelphia 76ers*,82,243.0,36.5,81.0,0.451,5.7,16.8,0.34,30.8,64.2,0.48,18.7,24.2,0.773,10.7,31.8,42.5,21.5,7.1,4.6,14.2,18.8,97.5,2010
13.0,Memphis Grizzlies*,82,242.4,36.2,79.1,0.457,7.2,19.4,0.369,29.0,59.7,0.486,18.1,23.8,0.761,11.0,29.1,40.1,21.0,7.5,6.2,16.7,21.4,97.6,2010
14.0,San Antonio Spurs*,82,241.2,38.1,83.7,0.456,5.8,15.9,0.367,32.3,67.7,0.477,15.9,20.7,0.766,10.8,30.4,41.2,20.5,6.9,4.6,13.4,20.7,98.0,2010
15.0,New Jersey Nets,82,244.0,37.4,80.5,0.465,6.2,17.0,0.364,31.2,63.5,0.492,19.4,25.8,0.751,10.4,31.4,41.8,22.2,6.8,4.6,12.3,20.0,100.4,2010
16.0,Detroit Pistons,82,242.4,37.9,78.1,0.486,6.4,17.8,0.358,31.5,60.3,0.523,18.3,23.9,0.766,10.6,30.1,40.7,23.3,6.9,4.6,14.1,18.8,100.6,2010
17.0,Indiana Pacers*,82,241.2,37.5,83.4,0.449,6.2,17.4,0.359,31.2,66.0,0.473,19.7,26.3,0.75,11.4,31.9,43.3,20.4,7.5,5.7,13.9,21.4,100.9,2010
18.0,Oklahoma City Thunder*,82,244.0,38.1,83.2,0.458,5.9,16.3,0.361,32.2,66.9,0.481,19.0,25.5,0.744,11.4,29.2,40.6,20.9,7.2,4.3,14.0,21.5,101.0,2010
19.0,Utah Jazz,82,242.4,36.2,78.8,0.459,7.2,19.2,0.376,29.0,59.6,0.486,21.7,27.9,0.778,11.3,29.6,40.9,20.7,7.4,5.0,14.6,22.0,101.3,2010
20.0,Los Angeles Clippers,82,242.1,37.1,81.6,0.455,7.1,19.5,0.365,30.0,62.1,0.484,20.4,26.4,0.771,11.1,29.4,40.5,22.3,8.0,4.9,13.7,22.1,101.8,2010
21.0,Denver Nuggets*,82,240.3,38.5,83.9,0.459,7.0,20.4,0.344,31.4,63.4,0.495,18.8,24.8,0.756,10.5,30.8,41.3,22.2,7.5,6.0,13.7,22.7,102.7,2010
22.0,Houston Rockets,82,242.4,39.8,85.1,0.468,5.5,15.2,0.358,34.4,69.9,0.492,18.6,23.8,0.781,11.6,31.1,42.8,20.8,7.2,5.5,13.7,21.4,103.7,2010
23.0,Cleveland Cavaliers,82,240.9,39.4,83.0,0.475,8.1,19.7,0.411,31.3,63.3,0.495,17.5,23.1,0.759,10.9,32.6,43.5,24.2,7.5,6.0,13.5,21.3,104.5,2010
24.0,Sacramento Kings,82,242.1,39.8,83.2,0.478,5.9,16.5,0.355,33.9,66.7,0.508,19.4,25.4,0.762,10.6,30.6,41.2,21.7,8.1,5.7,14.7,21.0,104.7,2010
25.0,Washington Wizards,82,243.0,38.7,82.2,0.471,6.8,18.3,0.373,31.9,63.9,0.499,20.4,26.9,0.761,12.1,31.8,43.9,23.1,7.6,5.0,15.8,20.3,104.7,2010
26.0,Toronto Raptors,82,241.2,39.2,81.3,0.482,6.6,17.5,0.376,32.6,63.8,0.511,20.4,26.5,0.769,11.1,30.0,41.1,22.6,7.6,5.6,13.9,19.8,105.4,2010
27.0,New York Knicks*,82,241.2,39.5,83.8,0.472,6.5,17.6,0.372,33.0,66.2,0.499,20.1,26.4,0.762,11.8,32.3,44.0,20.5,7.1,4.4,15.2,20.8,105.7,2010
28.0,Golden State Warriors,82,241.8,38.7,82.8,0.467,6.9,19.3,0.358,31.8,63.4,0.501,21.4,27.6,0.776,12.8,32.0,44.8,24.7,8.2,4.3,16.1,18.4,105.7,2010
29.0,Phoenix Suns,82,244.0,40.4,85.6,0.472,7.1,19.5,0.367,33.2,66.1,0.502,18.1,24.0,0.754,12.0,32.3,44.3,23.0,7.9,4.3,14.5,21.2,105.9,2010
30.0,Minnesota Timberwolves,82,241.2,39.4,84.2,0.468,7.8,20.8,0.374,31.6,63.4,0.499,21.1,27.2,0.778,11.1,31.4,42.6,24.8,9.5,5.5,14.4,20.9,107.7,2010
,League Average,82,241.9,37.2,81.2,0.459,6.5,18.0,0.358,30.8,63.2,0.487,18.6,24.4,0.763,10.9,30.5,41.4,21.5,7.3,4.9,14.3,20.7,99.6,2010
1.0,Chicago Bulls*,66,241.5,34.6,82.1,0.421,4.6,14.2,0.325,30.0,67.9,0.442,14.3,19.4,0.74,11.4,28.6,40.0,18.9,7.4,5.2,13.3,17.7,88.2,2011
2.0,Boston Celtics*,66,241.5,33.4,79.7,0.419,5.2,16.9,0.308,28.2,62.8,0.449,17.2,22.7,0.76,11.8,31.4,43.2,18.7,7.8,4.6,15.7,18.4,89.3,2011
3.0,Philadelphia 76ers*,66,241.1,34.3,80.3,0.427,5.4,16.2,0.334,28.9,64.1,0.45,15.4,20.5,0.752,10.7,33.0,43.7,19.6,5.9,4.8,13.9,16.2,89.4,2011
4.0,Miami Heat*,66,243.0,34.6,79.8,0.434,7.3,20.0,0.363,27.4,59.8,0.457,16.0,22.1,0.725,11.0,28.7,39.8,19.7,8.3,4.2,16.8,20.5,92.5,2011
5.0,Memphis Grizzlies*,66,241.5,34.5,77.8,0.444,6.3,18.3,0.345,28.2,59.4,0.474,17.6,23.1,0.764,11.0,29.6,40.7,19.3,7.8,5.5,17.1,19.3,93.0,2011
6.0,Atlanta Hawks*,66,244.9,36.1,81.3,0.444,5.9,17.2,0.344,30.1,64.1,0.47,15.1,20.1,0.753,10.8,31.5,42.3,20.5,7.5,4.7,15.1,19.1,93.2,2011
7.0,New Orleans Hornets,66,241.5,34.9,78.6,0.444,6.4,20.3,0.317,28.5,58.3,0.489,17.1,22.5,0.759,11.1,28.9,40.0,20.9,7.9,5.8,13.9,18.7,93.4,2011
8.0,Orlando Magic*,66,241.9,35.9,80.1,0.449,6.3,18.1,0.347,29.7,62.0,0.478,15.2,19.7,0.772,10.1,31.2,41.3,20.5,7.5,4.1,13.1,19.8,93.4,2011
9.0,Toronto Raptors,66,241.9,33.8,77.7,0.435,6.1,18.5,0.328,27.8,59.2,0.469,20.2,27.2,0.744,10.3,30.3,40.5,20.1,7.2,4.9,13.2,18.4,94.0,2011
10.0,Indiana Pacers*,66,242.3,34.9,80.4,0.435,6.7,19.1,0.351,28.2,61.3,0.461,17.9,24.5,0.729,12.0,30.3,42.3,19.6,6.6,6.0,14.9,21.6,94.4,2011
11.0,New York Knicks*,66,241.5,35.1,79.4,0.442,6.7,18.8,0.359,28.4,60.6,0.468,17.7,24.1,0.736,10.9,31.0,41.8,18.9,8.1,5.1,17.0,21.8,94.7,2011
12.0,Dallas Mavericks*,66,243.4,35.6,81.7,0.435,7.2,20.7,0.346,28.4,60.9,0.466,16.5,22.1,0.75,11.0,32.9,43.9,20.5,8.5,4.0,14.7,18.4,94.8,2011
13.0,Los Angeles Clippers*,66,241.9,34.5,77.2,0.447,7.0,19.1,0.365,27.6,58.1,0.474,19.0,25.4,0.746,10.8,29.0,39.8,20.7,6.0,4.5,14.6,21.2,95.0,2011
14.0,Detroit Pistons,66,241.9,36.0,78.0,0.462,6.0,16.9,0.355,30.0,61.1,0.492,17.6,23.0,0.765,10.7,30.1,40.7,22.5,8.5,5.3,14.5,19.4,95.7,2011
15.0,Los Angeles Lakers*,66,243.4,37.8,86.4,0.437,6.7,19.3,0.348,31.0,67.1,0.463,13.7,18.4,0.742,11.5,29.5,41.0,21.9,8.4,4.6,11.3,20.2,95.9,2011
16.0,San Antonio Spurs*,66,241.5,38.1,84.2,0.452,6.2,17.7,0.353,31.8,66.6,0.478,14.1,18.7,0.756,10.3,30.9,41.2,19.6,7.4,5.0,13.7,18.8,96.5,2011
17.0,Oklahoma City Thunder*,66,242.3,36.4,85.3,0.427,6.4,18.7,0.342,30.1,66.6,0.451,17.7,23.0,0.768,12.7,28.6,41.3,19.9,8.2,4.9,14.2,20.0,96.9,2011
18.0,Portland Trail Blazers,66,241.9,37.5,81.0,0.463,6.7,18.4,0.363,30.8,62.6,0.492,16.1,21.5,0.747,11.1,31.2,42.3,21.1,7.6,4.8,14.9,19.8,97.8,2011
19.0,Houston Rockets,66,243.4,37.5,82.2,0.456,5.6,17.2,0.325,31.9,65.0,0.491,17.3,22.6,0.766,11.0,30.7,41.8,20.0,7.5,5.2,14.7,18.4,97.9,2011
20.0,Washington Wizards,66,240.4,36.7,81.1,0.453,6.5,18.4,0.35,30.2,62.7,0.483,18.6,24.5,0.758,12.3,31.2,43.5,21.5,7.9,4.5,15.2,18.7,98.4,2011
21.0,Phoenix Suns,66,240.0,38.0,83.5,0.455,6.0,17.1,0.352,31.9,66.3,0.481,16.7,21.9,0.762,12.2,31.3,43.4,21.5,8.0,4.4,14.1,19.6,98.6,2011
22.0,Milwaukee Bucks,66,240.4,37.1,82.6,0.449,6.6,18.9,0.351,30.5,63.7,0.478,17.9,23.3,0.769,12.3,32.4,44.7,21.7,7.6,4.5,15.9,19.4,98.7,2011
23.0,Utah Jazz*,66,244.9,36.4,80.5,0.453,6.5,19.1,0.34,29.9,61.4,0.488,19.7,26.2,0.754,11.0,30.1,41.2,20.5,7.5,5.7,14.7,20.7,99.0,2011
24.0,New Jersey Nets,66,240.8,37.9,80.2,0.472,6.5,17.4,0.374,31.4,62.8,0.5,16.8,22.6,0.74,11.8,30.8,42.6,23.3,8.0,5.0,14.3,19.3,99.1,2011
25.0,Minnesota Timberwolves,66,241.5,39.0,85.7,0.455,6.2,18.1,0.34,32.8,67.6,0.486,16.0,21.2,0.755,11.7,31.8,43.4,21.5,8.3,5.7,13.3,21.7,100.1,2011
26.0,Cleveland Cavaliers,66,241.9,38.4,82.3,0.467,6.8,18.7,0.362,31.6,63.6,0.498,16.6,22.2,0.748,11.4,31.4,42.8,23.1,7.9,6.2,13.9,20.9,100.2,2011
27.0,Charlotte Bobcats,66,240.8,38.9,82.0,0.475,6.2,17.3,0.356,32.8,64.7,0.506,16.9,22.5,0.75,11.8,33.2,45.0,23.3,7.6,5.7,13.5,20.3,100.9,2011
28.0,Golden State Warriors,66,241.1,37.3,82.3,0.453,7.1,19.4,0.365,30.2,62.9,0.48,19.5,26.1,0.747,13.2,32.7,45.8,23.1,7.6,5.0,14.8,16.6,101.2,2011
29.0,Denver Nuggets*,66,243.0,38.5,84.4,0.456,8.7,22.6,0.383,29.8,61.8,0.483,15.6,20.5,0.759,11.1,29.2,40.3,23.2,7.9,6.7,15.6,22.0,101.2,2011
30.0,Sacramento Kings,66,241.1,40.4,85.0,0.476,6.7,18.7,0.355,33.8,66.3,0.51,16.9,22.2,0.762,12.3,32.6,45.0,23.8,7.8,6.4,15.4,19.9,104.4,2011
,League Average,66,241.9,36.5,81.4,0.448,6.4,18.4,0.349,30.1,63.0,0.477,16.9,22.5,0.752,11.4,30.8,42.2,21.0,7.7,5.1,14.6,19.6,96.3,2011
1.0,Memphis Grizzlies*,82,241.5,33.5,77.0,0.435,6.1,18.2,0.338,27.4,58.8,0.465,16.1,21.5,0.748,10.3,28.8,39.1,19.5,7.3,5.5,15.5,20.0,89.3,2012
2.0,Indiana Pacers*,81,241.9,34.5,82.2,0.42,5.4,16.6,0.327,29.1,65.6,0.444,16.2,21.3,0.76,11.2,29.6,40.9,19.2,7.5,5.7,13.5,21.9,90.7,2012
3.0,Chicago Bulls*,82,241.8,35.4,80.1,0.443,5.5,16.0,0.346,29.9,64.1,0.467,16.5,22.3,0.739,11.0,30.1,41.1,18.8,7.3,5.8,13.7,19.6,92.9,2012
4.0,Los Angeles Clippers*,82,240.6,34.6,78.0,0.443,7.6,20.5,0.373,26.9,57.5,0.468,17.9,23.9,0.749,10.9,28.2,39.1,22.1,7.4,4.1,16.1,20.9,94.6,2012
5.0,Miami Heat*,82,242.4,35.6,80.9,0.44,7.6,21.7,0.35,28.0,59.1,0.473,16.2,21.2,0.766,11.2,28.9,40.1,20.2,7.9,3.2,15.6,20.4,95.0,2012
6.0,Brooklyn Nets*,82,242.1,37.4,80.7,0.464,6.3,17.3,0.366,31.1,63.4,0.49,14.0,19.2,0.731,10.7,28.5,39.2,21.4,7.5,4.8,13.4,21.4,95.1,2012
7.0,New York Knicks*,82,240.6,35.6,77.6,0.458,7.8,21.8,0.357,27.8,55.8,0.498,16.8,22.2,0.757,10.0,31.6,41.6,19.3,6.4,4.0,15.1,19.2,95.7,2012
8.0,Washington Wizards,82,242.1,35.9,81.7,0.44,7.1,20.5,0.349,28.8,61.2,0.47,16.8,22.8,0.738,11.0,33.2,44.2,21.5,7.8,4.4,14.5,19.1,95.8,2012
9.0,Philadelphia 76ers,82,240.9,36.8,81.0,0.454,6.7,19.2,0.349,30.1,61.8,0.487,16.2,21.4,0.76,11.0,33.0,44.0,22.8,7.2,4.8,14.3,16.2,96.5,2012
10.0,Oklahoma City Thunder*,82,241.8,36.2,85.0,0.425,7.4,21.5,0.346,28.7,63.5,0.452,16.7,21.6,0.774,12.0,28.7,40.7,20.5,8.2,3.9,14.8,20.7,96.5,2012
11.0,San Antonio Spurs*,82,242.4,37.5,84.9,0.442,6.3,17.9,0.353,31.2,66.9,0.466,15.2,20.0,0.76,11.1,31.4,42.5,21.4,8.2,4.9,14.9,19.1,96.6,2012
12.0,Boston Celtics*,81,244.9,36.1,82.0,0.441,6.8,19.9,0.342,29.3,62.1,0.472,17.7,23.9,0.74,11.4,32.1,43.6,21.6,7.8,4.7,15.3,19.4,96.7,2012
13.0,Atlanta Hawks*,82,242.1,37.5,83.2,0.45,7.6,19.9,0.379,29.9,63.3,0.473,15.0,19.7,0.763,11.3,32.4,43.7,22.3,8.4,4.3,15.2,18.8,97.5,2012
14.0,New Orleans Hornets,82,241.2,37.0,78.5,0.471,7.7,20.6,0.374,29.2,57.9,0.505,16.3,21.5,0.759,10.2,29.2,39.3,23.4,7.9,6.0,13.2,18.7,97.9,2012
15.0,Utah Jazz,82,242.4,36.6,79.9,0.458,6.8,18.5,0.37,29.8,61.4,0.485,18.0,23.8,0.757,11.0,29.8,40.8,20.6,7.8,5.9,14.7,20.4,98.1,2012
16.0,Minnesota Timberwolves,82,240.6,38.0,81.2,0.468,7.0,19.0,0.369,30.9,62.2,0.498,15.2,20.1,0.752,10.6,31.5,42.1,22.3,8.1,5.9,15.9,22.5,98.1,2012
17.0,Toronto Raptors,82,243.7,36.2,79.2,0.458,6.7,18.4,0.361,29.6,60.8,0.487,19.6,26.2,0.747,10.7,31.0,41.7,21.9,7.0,4.7,14.3,20.1,98.7,2012
18.0,Detroit Pistons,82,241.5,37.3,81.2,0.459,7.4,20.4,0.36,29.9,60.7,0.492,16.9,22.2,0.762,11.1,30.7,41.8,22.4,8.4,5.8,13.7,19.9,98.8,2012
19.0,Golden State Warriors*,82,241.5,37.2,84.8,0.439,8.0,23.1,0.347,29.2,61.7,0.473,17.9,23.9,0.748,11.1,31.7,42.7,23.5,8.2,4.9,13.5,19.2,100.3,2012
20.0,Milwaukee Bucks*,82,241.8,38.4,84.7,0.454,6.5,18.5,0.348,32.0,66.2,0.483,17.0,22.5,0.759,12.4,33.6,46.0,23.1,8.0,4.4,16.0,19.1,100.4,2012
21.0,Portland Trail Blazers,82,242.1,39.3,83.0,0.474,6.4,18.7,0.34,33.0,64.3,0.512,15.7,20.6,0.761,11.0,31.4,42.4,23.7,8.4,4.4,13.1,18.7,100.7,2012
22.0,Los Angeles Lakers*,82,240.9,39.7,87.6,0.453,7.5,21.0,0.357,32.2,66.6,0.483,14.2,19.4,0.732,11.5,31.1,42.7,23.4,8.5,4.8,12.9,23.1,101.0,2012
23.0,Orlando Magic,82,241.2,38.6,83.4,0.463,7.5,21.0,0.359,31.1,62.5,0.498,16.3,22.1,0.738,10.8,31.9,42.8,23.7,7.2,5.2,12.4,16.5,101.1,2012
24.0,Denver Nuggets*,82,242.7,38.1,85.7,0.444,8.4,23.1,0.363,29.7,62.6,0.474,16.6,22.7,0.731,12.4,29.2,41.6,23.6,8.0,6.8,15.9,21.6,101.1,2012
25.0,Cleveland Cavaliers,82,240.6,37.9,79.6,0.476,7.4,20.0,0.372,30.5,59.6,0.511,17.9,24.2,0.739,10.8,31.3,42.1,23.9,7.6,6.8,15.2,19.7,101.2,2012
26.0,Phoenix Suns,82,241.5,38.8,82.6,0.47,6.9,17.9,0.388,31.9,64.7,0.492,17.1,22.6,0.757,11.7,31.7,43.4,22.8,8.3,5.1,15.3,18.4,101.6,2012
27.0,Dallas Mavericks,82,243.7,37.4,84.0,0.445,7.8,21.8,0.359,29.6,62.2,0.475,19.1,25.4,0.753,12.0,33.6,45.6,22.0,8.5,4.1,14.7,18.9,101.7,2012
28.0,Houston Rockets*,82,241.2,38.8,85.5,0.454,8.1,21.9,0.368,30.8,63.5,0.484,16.8,21.6,0.776,10.7,31.0,41.6,22.7,8.5,6.1,14.8,20.4,102.5,2012
29.0,Charlotte Bobcats,82,241.5,38.8,82.5,0.471,8.7,22.5,0.388,30.1,59.9,0.502,16.2,21.8,0.747,11.8,32.3,44.1,25.3,6.9,6.9,14.0,21.3,102.7,2012
30.0,Sacramento Kings,82,241.8,39.3,83.3,0.472,7.6,21.5,0.355,31.7,61.8,0.512,18.9,24.1,0.783,11.9,31.7,43.6,25.1,7.6,6.3,14.7,20.0,105.1,2012
,League Average,82,241.9,37.1,82.0,0.453,7.2,20.0,0.359,30.0,62.1,0.483,16.7,22.2,0.753,11.2,31.0,42.1,22.1,7.8,5.1,14.6,19.8,98.1,2012
1.0,Chicago Bulls*,82,243.0,35.0,81.2,0.43,6.6,18.7,0.351,28.4,62.5,0.454,15.3,20.3,0.753,10.7,30.6,41.3,19.6,7.6,6.0,14.4,20.9,91.8,2013
2.0,Indiana Pacers*,82,241.2,34.8,82.7,0.42,6.6,19.0,0.345,28.2,63.7,0.443,16.3,21.6,0.755,10.4,30.7,41.2,18.6,7.2,4.6,13.7,21.9,92.3,2013
3.0,Memphis Grizzlies*,82,241.5,35.7,79.3,0.45,7.5,21.1,0.355,28.2,58.2,0.484,15.8,20.6,0.766,9.9,29.3,39.2,19.9,7.2,5.0,14.2,18.9,94.6,2013
4.0,Charlotte Bobcats*,82,242.7,36.9,83.4,0.442,8.1,22.0,0.369,28.7,61.4,0.468,15.3,20.1,0.759,9.6,33.7,43.3,21.0,6.3,5.1,13.3,20.9,97.1,2013
5.0,Miami Heat*,82,242.4,36.1,79.0,0.457,8.5,23.4,0.362,27.6,55.6,0.497,16.8,22.3,0.75,10.8,29.5,40.3,21.4,8.1,3.1,16.7,20.4,97.4,2013
6.0,San Antonio Spurs*,82,240.9,37.8,85.1,0.444,6.5,18.3,0.353,31.3,66.8,0.469,15.7,20.6,0.76,10.5,31.7,42.2,20.4,7.7,4.6,13.9,19.3,97.6,2013
7.0,Toronto Raptors*,82,243.4,36.1,80.2,0.45,6.9,19.2,0.36,29.1,60.9,0.478,19.0,25.3,0.752,10.4,30.5,41.0,21.0,7.3,4.3,14.9,22.1,98.0,2013
8.0,Washington Wizards*,82,244.6,37.0,80.9,0.458,7.5,21.5,0.347,29.6,59.4,0.498,17.8,23.3,0.765,10.1,32.1,42.2,22.2,7.7,3.9,16.0,19.5,99.4,2013
9.0,New York Knicks,82,242.1,35.8,78.1,0.458,8.7,23.4,0.371,27.1,54.6,0.496,19.1,25.0,0.765,10.3,31.7,42.0,19.7,6.3,3.4,14.5,19.6,99.4,2013
10.0,Brooklyn Nets*,82,242.4,36.3,79.4,0.458,8.1,22.0,0.367,28.3,57.4,0.492,18.8,24.7,0.76,11.2,31.6,42.9,21.0,7.4,4.1,15.8,20.8,99.5,2013
11.0,Golden State Warriors*,82,241.8,36.8,84.4,0.436,6.9,20.2,0.344,29.9,64.2,0.465,18.9,24.7,0.765,10.7,32.6,43.3,20.5,7.9,4.2,15.0,19.3,99.5,2013
12.0,Oklahoma City Thunder*,82,241.5,36.4,83.4,0.436,8.6,24.0,0.358,27.8,59.4,0.468,18.4,25.4,0.727,11.0,30.0,40.9,21.8,8.2,3.6,15.2,20.4,99.8,2013
13.0,Boston Celtics,82,240.6,37.8,81.4,0.465,6.6,18.9,0.347,31.2,62.5,0.5,18.5,24.3,0.761,10.6,31.7,42.3,22.1,7.4,4.5,14.2,19.1,100.7,2013
14.0,Los Angeles Clippers*,82,240.9,37.4,84.9,0.441,7.3,21.8,0.332,30.2,63.0,0.479,18.9,25.0,0.755,12.3,31.4,43.7,23.3,7.0,3.5,15.4,23.4,101.0,2013
15.0,Cleveland Cavaliers,82,243.0,37.8,83.5,0.452,9.3,25.4,0.367,28.4,58.1,0.49,16.6,22.0,0.757,10.3,32.3,42.5,24.8,7.2,5.6,14.0,19.5,101.5,2013
16.0,Atlanta Hawks*,82,241.8,38.6,83.5,0.462,8.0,21.9,0.365,30.6,61.6,0.497,16.4,21.9,0.748,10.8,32.8,43.5,23.2,8.2,4.3,15.2,20.0,101.5,2013
17.0,Orlando Magic,82,243.4,38.1,83.7,0.456,8.0,21.7,0.371,30.1,62.0,0.485,17.7,22.9,0.77,10.5,33.5,44.0,22.5,7.1,5.4,14.0,18.3,102.0,2013
18.0,Utah Jazz,82,241.2,38.3,81.0,0.473,7.3,19.4,0.376,31.0,61.6,0.503,18.3,23.7,0.773,10.3,32.2,42.5,21.8,7.5,4.9,12.6,20.4,102.2,2013
19.0,New Orleans Pelicans,82,242.1,37.3,80.1,0.465,8.0,22.3,0.357,29.3,57.8,0.507,20.0,26.5,0.752,10.7,31.0,41.7,22.5,7.0,6.1,14.5,20.3,102.4,2013
20.0,Dallas Mavericks*,82,241.8,37.8,81.4,0.464,8.3,23.0,0.359,29.5,58.4,0.505,18.7,24.6,0.758,11.5,31.3,42.8,22.0,7.7,3.5,16.0,19.9,102.4,2013
21.0,Phoenix Suns,82,240.9,38.0,83.4,0.456,6.8,19.9,0.341,31.2,63.5,0.492,19.8,25.8,0.766,11.3,31.5,42.8,20.3,7.5,4.0,15.3,21.3,102.6,2013
22.0,Portland Trail Blazers*,82,242.1,39.6,87.8,0.451,6.5,18.3,0.355,33.1,69.5,0.476,17.0,22.2,0.766,11.5,32.0,43.5,20.4,7.8,3.7,12.0,20.7,102.8,2013
23.0,Houston Rockets*,82,241.8,39.0,88.0,0.443,8.1,23.0,0.353,30.9,65.0,0.475,17.0,22.5,0.757,11.9,29.7,41.7,22.2,8.6,5.6,14.0,24.3,103.1,2013
24.0,Sacramento Kings,82,241.8,37.8,82.1,0.461,8.5,22.4,0.38,29.4,59.8,0.491,19.2,26.1,0.737,9.9,31.3,41.2,23.5,7.8,5.6,13.6,23.1,103.4,2013
25.0,Milwaukee Bucks,82,242.4,38.4,82.0,0.468,8.5,22.3,0.382,29.9,59.7,0.5,18.4,24.5,0.751,11.7,31.8,43.5,22.8,7.8,5.0,14.1,20.6,103.7,2013
26.0,Minnesota Timberwolves,82,242.1,40.5,86.0,0.471,8.1,22.2,0.364,32.4,63.8,0.508,15.2,20.1,0.756,11.1,33.1,44.2,22.9,7.9,5.6,16.4,23.6,104.3,2013
27.0,Detroit Pistons,82,241.2,39.1,83.2,0.47,8.3,22.8,0.365,30.8,60.3,0.51,18.1,24.0,0.756,11.1,31.9,43.0,24.4,8.2,4.9,15.0,20.7,104.7,2013
28.0,Denver Nuggets,82,240.9,39.5,86.4,0.457,7.4,21.0,0.351,32.1,65.4,0.491,20.2,26.4,0.763,11.3,32.5,43.8,22.5,8.5,5.6,14.4,21.7,106.5,2013
29.0,Los Angeles Lakers,82,240.3,42.0,89.6,0.468,8.1,22.5,0.361,33.8,67.2,0.504,17.2,23.7,0.727,13.0,36.0,49.0,25.8,9.6,4.7,14.2,19.3,109.2,2013
30.0,Philadelphia 76ers,82,242.1,40.0,85.1,0.471,9.0,24.4,0.37,31.0,60.7,0.511,20.8,27.6,0.754,11.9,35.0,46.9,26.1,9.0,6.8,17.0,20.6,109.9,2013
,League Average,82,242.0,37.7,83.0,0.454,7.7,21.5,0.36,30.0,61.5,0.488,17.8,23.6,0.756,10.9,31.8,42.7,22.0,7.7,4.7,14.6,20.7,101.0,2013
1.0,Utah Jazz,82,240.3,35.8,80.3,0.446,7.4,20.4,0.362,28.4,60.0,0.474,16.0,21.5,0.744,9.9,29.3,39.2,19.4,8.2,4.7,13.1,19.6,94.9,2014
2.0,Memphis Grizzlies*,82,242.7,36.0,81.5,0.442,8.1,23.0,0.351,27.9,58.5,0.478,14.9,20.1,0.742,10.5,31.9,42.4,20.1,7.4,5.2,15.3,20.3,95.1,2014
3.0,San Antonio Spurs*,82,243.4,37.1,83.7,0.444,6.8,18.9,0.36,30.3,64.8,0.468,15.9,21.4,0.745,9.9,32.2,42.1,20.7,7.9,4.4,14.2,19.7,97.0,2014
4.0,Indiana Pacers,82,242.1,36.0,82.7,0.435,7.2,20.9,0.345,28.8,61.8,0.465,17.9,23.8,0.753,9.8,33.0,42.7,19.9,7.5,4.7,12.7,21.4,97.0,2014
5.0,Atlanta Hawks*,82,240.6,36.5,83.1,0.439,8.8,25.8,0.341,27.7,57.4,0.483,15.4,20.1,0.764,11.6,32.1,43.6,23.5,7.4,4.9,16.1,19.6,97.1,2014
6.0,Charlotte Hornets,82,242.7,36.8,83.7,0.44,7.9,22.1,0.357,28.9,61.5,0.47,15.8,20.4,0.772,8.9,35.2,44.1,22.1,6.1,5.4,12.6,20.8,97.3,2014
7.0,Miami Heat,82,240.6,36.1,79.5,0.454,8.1,23.0,0.353,28.0,56.5,0.495,17.0,23.2,0.73,10.9,30.1,41.0,21.3,7.9,4.4,14.8,20.9,97.3,2014
8.0,Milwaukee Bucks*,82,243.0,35.6,81.5,0.437,8.2,24.1,0.342,27.3,57.4,0.476,18.0,24.3,0.742,11.4,31.4,42.9,22.3,8.6,4.8,17.4,20.1,97.4,2014
9.0,Washington Wizards*,82,243.4,36.2,83.5,0.433,8.0,23.0,0.349,28.1,60.5,0.465,17.5,23.7,0.738,10.0,31.7,41.7,19.9,8.0,4.3,14.0,19.6,97.8,2014
10.0,Chicago Bulls*,82,242.4,37.7,86.7,0.435,6.6,19.6,0.335,31.2,67.1,0.465,15.7,21.0,0.749,11.7,31.7,43.4,20.2,7.5,5.4,12.2,21.2,97.8,2014
11.0,New Orleans Pelicans*,82,241.2,37.9,83.1,0.456,6.5,19.6,0.335,31.4,63.5,0.494,16.2,21.4,0.759,10.6,30.9,41.5,20.7,6.8,5.8,12.2,18.7,98.6,2014
12.0,Portland Trail Blazers*,82,242.1,38.2,86.9,0.439,6.4,18.9,0.338,31.8,67.9,0.468,15.8,20.9,0.758,11.0,33.6,44.6,20.4,8.0,3.6,12.2,18.7,98.6,2014
13.0,Cleveland Cavaliers*,82,241.2,38.1,83.5,0.456,7.7,22.5,0.343,30.3,61.0,0.497,14.8,19.9,0.745,10.8,30.3,41.1,24.1,7.8,4.5,13.3,20.5,98.7,2014
14.0,Detroit Pistons,82,241.8,37.9,83.1,0.456,7.7,21.8,0.355,30.1,61.3,0.491,16.0,20.7,0.772,10.7,33.4,44.1,23.8,7.0,4.8,14.0,19.3,99.5,2014
15.0,Golden State Warriors*,82,240.6,37.0,86.4,0.428,7.2,21.4,0.337,29.7,65.0,0.458,18.7,24.5,0.763,11.7,32.8,44.5,21.0,8.3,3.6,16.2,18.8,99.9,2014
16.0,Los Angeles Clippers*,82,240.6,36.4,82.3,0.442,8.3,23.9,0.349,28.1,58.4,0.481,19.0,25.7,0.741,10.6,32.3,42.9,23.2,6.7,3.0,14.3,21.5,100.1,2014
17.0,Houston Rockets*,82,241.5,37.7,85.2,0.443,7.4,22.9,0.322,30.3,62.2,0.487,17.7,23.6,0.751,11.9,32.0,43.8,21.4,8.9,5.3,16.4,21.1,100.5,2014
18.0,Brooklyn Nets*,82,243.0,38.4,84.3,0.456,8.5,23.7,0.358,29.9,60.6,0.494,15.6,21.3,0.731,11.4,32.9,44.3,23.7,7.8,4.5,13.9,20.0,100.9,2014
19.0,Toronto Raptors*,82,242.1,38.0,82.8,0.459,7.7,22.3,0.346,30.3,60.5,0.501,17.2,23.5,0.733,11.2,31.2,42.5,22.8,6.9,5.0,14.4,20.3,100.9,2014
20.0,Philadelphia 76ers,82,241.5,37.1,82.7,0.449,8.0,22.9,0.35,29.1,59.8,0.487,18.7,24.7,0.756,11.5,34.8,46.3,23.7,9.5,5.5,16.8,20.2,101.0,2014
21.0,Boston Celtics*,82,242.4,38.1,84.7,0.45,7.4,22.0,0.336,30.7,62.7,0.49,17.6,23.3,0.755,10.9,33.8,44.7,21.9,7.1,5.3,15.1,18.8,101.2,2014
22.0,New York Knicks,82,242.1,37.0,80.4,0.46,8.5,22.3,0.38,28.5,58.1,0.49,18.8,24.8,0.759,11.0,32.5,43.5,21.7,8.0,4.3,14.1,19.1,101.2,2014
23.0,Orlando Magic,82,240.9,38.0,82.0,0.463,8.3,22.6,0.368,29.6,59.4,0.499,17.2,22.9,0.751,10.1,33.4,43.5,23.4,7.7,5.4,14.5,17.9,101.4,2014
24.0,Oklahoma City Thunder,82,241.8,37.6,85.5,0.44,8.3,24.2,0.343,29.3,61.3,0.479,18.2,24.5,0.745,11.2,31.5,42.7,22.1,7.8,4.6,13.6,20.4,101.8,2014
25.0,Dallas Mavericks*,82,242.4,38.0,84.5,0.45,9.0,24.8,0.364,29.0,59.7,0.485,17.3,22.9,0.753,12.3,33.9,46.1,22.3,7.3,3.8,16.3,22.1,102.3,2014
26.0,Phoenix Suns,82,242.4,38.4,85.0,0.452,7.7,21.9,0.352,30.7,63.1,0.486,18.8,24.8,0.759,11.6,33.7,45.3,21.1,7.9,4.1,15.6,20.3,103.3,2014
27.0,Sacramento Kings,82,242.1,39.5,86.5,0.456,8.8,25.1,0.349,30.7,61.5,0.5,17.3,23.1,0.748,11.0,30.2,41.2,23.3,8.7,6.2,12.9,23.9,105.0,2014
28.0,Denver Nuggets,82,242.4,38.6,84.3,0.458,7.7,22.2,0.346,30.9,62.0,0.498,20.1,26.9,0.748,11.0,34.1,45.1,23.1,7.5,6.1,14.4,20.7,105.0,2014
29.0,Los Angeles Lakers,82,243.0,38.8,83.1,0.466,8.5,23.4,0.363,30.3,59.7,0.507,19.2,25.8,0.745,10.0,34.1,44.2,24.0,7.5,4.8,13.0,19.4,105.3,2014
30.0,Minnesota Timberwolves,82,241.5,41.1,84.5,0.487,8.5,23.1,0.367,32.6,61.4,0.531,15.8,20.8,0.759,11.6,31.9,43.6,23.6,8.4,5.5,15.2,21.4,106.5,2014
,League Average,82,242.0,37.5,83.6,0.449,7.8,22.4,0.35,29.7,61.2,0.485,17.1,22.8,0.75,10.9,32.4,43.3,22.0,7.7,4.8,14.4,20.2,100.0,2014
1.0,San Antonio Spurs*,82,240.3,35.7,81.8,0.436,6.6,19.9,0.331,29.1,61.9,0.47,14.9,19.6,0.758,9.1,31.4,40.5,20.8,7.2,3.9,14.8,19.5,92.9,2015
2.0,Utah Jazz,82,243.4,35.6,79.9,0.446,7.9,22.2,0.357,27.7,57.7,0.48,16.8,22.5,0.746,9.3,30.8,40.1,19.1,8.0,4.7,14.0,19.9,95.9,2015
3.0,Toronto Raptors*,82,241.2,36.5,82.1,0.444,8.7,23.4,0.373,27.7,58.7,0.473,16.5,22.1,0.748,9.5,31.2,40.8,21.7,6.5,5.4,13.3,22.0,98.2,2015
4.0,Cleveland Cavaliers*,82,242.1,36.8,82.1,0.448,7.9,22.7,0.347,28.9,59.4,0.487,16.8,22.6,0.743,9.3,31.8,41.0,21.4,7.2,4.4,13.3,20.6,98.3,2015
5.0,Miami Heat*,82,241.8,37.2,84.3,0.442,7.4,21.2,0.347,29.9,63.1,0.474,16.5,21.5,0.77,9.8,31.5,41.3,20.2,7.5,4.1,12.9,19.6,98.4,2015
6.0,Atlanta Hawks*,82,241.8,37.1,86.1,0.432,8.3,24.5,0.338,28.9,61.6,0.469,16.7,22.1,0.755,11.5,35.0,46.5,22.0,8.6,5.0,16.1,18.3,99.2,2015
7.0,Los Angeles Clippers*,82,241.8,36.8,84.7,0.434,7.9,23.3,0.338,28.9,61.4,0.471,18.8,25.1,0.751,11.8,34.9,46.7,21.2,7.1,3.2,15.4,22.5,100.2,2015
8.0,Indiana Pacers*,82,242.4,37.4,84.9,0.44,8.3,24.8,0.334,29.1,60.1,0.484,17.4,23.2,0.751,10.7,33.8,44.5,20.8,7.7,4.5,15.8,20.4,100.5,2015
9.0,Charlotte Hornets*,82,242.1,37.8,85.0,0.444,8.9,25.4,0.349,28.9,59.6,0.485,16.3,21.2,0.769,8.9,35.8,44.7,23.2,6.7,5.5,13.5,20.4,100.7,2015
10.0,New York Knicks,82,241.5,38.0,85.8,0.443,7.6,22.4,0.341,30.3,63.4,0.479,17.5,23.2,0.754,10.9,33.3,44.2,20.8,7.2,4.2,11.3,18.5,101.1,2015
11.0,Memphis Grizzlies*,82,241.8,35.9,78.8,0.456,9.7,26.6,0.365,26.2,52.1,0.503,19.7,25.7,0.768,10.1,33.1,43.2,21.9,7.0,5.7,16.2,21.1,101.3,2015
12.0,Detroit Pistons*,82,242.4,38.8,84.2,0.461,7.3,20.5,0.355,31.5,63.7,0.495,16.5,21.0,0.783,8.8,33.7,42.5,21.5,7.1,4.5,13.4,21.6,101.4,2015
13.0,Boston Celtics*,82,241.2,37.5,85.0,0.441,7.8,23.3,0.336,29.7,61.7,0.481,19.7,26.0,0.755,11.4,34.6,46.0,20.9,7.6,5.5,16.4,21.0,102.5,2015
14.0,Dallas Mavericks*,82,244.0,38.3,85.0,0.451,9.1,26.5,0.342,29.3,58.5,0.5,16.9,22.8,0.738,10.6,35.2,45.8,22.0,7.5,4.4,13.9,21.4,102.6,2015
15.0,Oklahoma City Thunder*,82,241.8,38.4,87.7,0.438,8.1,23.8,0.342,30.3,63.9,0.474,18.0,23.8,0.756,11.3,28.9,40.2,21.5,8.8,4.5,13.0,20.2,102.9,2015
16.0,Chicago Bulls,82,242.7,39.4,89.4,0.441,7.9,23.0,0.345,31.5,66.4,0.474,16.3,22.1,0.737,11.8,34.1,45.9,22.5,8.0,5.7,11.9,18.7,103.1,2015
17.0,Milwaukee Bucks,82,241.8,37.8,83.1,0.454,9.3,26.5,0.352,28.4,56.7,0.502,18.4,23.9,0.768,11.5,31.5,43.0,24.5,8.3,5.6,15.5,19.5,103.2,2015
18.0,Orlando Magic,82,242.7,38.4,83.5,0.46,8.9,24.9,0.359,29.5,58.6,0.503,17.9,24.0,0.746,10.1,34.1,44.3,23.2,7.6,5.5,15.1,18.3,103.7,2015
19.0,Golden State Warriors*,82,242.4,38.9,89.4,0.435,7.8,23.5,0.332,31.1,65.9,0.472,18.6,24.5,0.757,11.4,32.5,43.9,22.2,8.7,4.1,14.5,19.8,104.1,2015
20.0,Portland Trail Blazers*,82,241.5,38.4,84.7,0.453,8.5,23.0,0.371,29.8,61.7,0.484,19.0,26.0,0.734,10.6,33.1,43.7,21.6,7.7,5.2,13.3,19.5,104.3,2015
21.0,Washington Wizards,82,240.9,38.7,83.8,0.462,9.0,24.2,0.371,29.7,59.5,0.498,18.3,23.7,0.769,9.4,34.9,44.3,22.5,8.1,4.3,16.2,20.1,104.6,2015
22.0,Denver Nuggets,82,241.8,38.8,84.2,0.461,9.2,24.8,0.371,29.6,59.4,0.498,18.2,23.9,0.761,9.7,32.9,42.7,23.5,8.0,6.3,13.7,20.9,105.0,2015
23.0,Minnesota Timberwolves,82,242.4,40.0,84.9,0.471,9.0,25.5,0.355,30.9,59.4,0.52,17.0,22.5,0.757,10.7,31.2,41.9,22.6,7.8,5.2,14.9,21.6,106.0,2015
24.0,Brooklyn Nets,82,240.9,40.8,85.2,0.479,9.5,25.6,0.369,31.3,59.6,0.526,15.0,19.6,0.763,10.2,33.2,43.4,24.5,8.8,5.2,14.2,18.4,106.0,2015
25.0,Houston Rockets*,82,241.8,39.0,85.1,0.459,9.7,26.9,0.361,29.3,58.2,0.504,18.6,24.6,0.756,11.8,32.8,44.6,24.6,9.0,4.9,16.6,22.5,106.4,2015
26.0,New Orleans Pelicans,82,241.2,39.2,83.9,0.468,9.2,24.9,0.369,30.0,59.0,0.51,18.8,24.0,0.783,8.9,35.5,44.4,23.2,7.3,5.2,13.7,19.9,106.5,2015
27.0,Los Angeles Lakers,82,240.6,40.5,85.6,0.473,8.5,24.6,0.347,32.0,61.1,0.524,17.3,23.7,0.731,10.9,35.5,46.5,24.7,7.5,5.6,12.6,19.2,106.9,2015
28.0,Phoenix Suns,82,240.3,39.1,83.8,0.467,9.4,24.9,0.377,29.7,58.9,0.505,19.9,26.5,0.749,9.9,33.8,43.7,22.4,9.5,5.5,14.9,21.6,107.5,2015
29.0,Philadelphia 76ers,82,241.5,39.7,85.4,0.464,7.8,21.7,0.359,31.9,63.8,0.5,20.5,26.1,0.786,11.1,36.4,47.6,23.4,8.7,5.7,15.1,19.2,107.6,2015
30.0,Sacramento Kings,82,241.5,40.6,87.7,0.462,10.2,28.0,0.366,30.3,59.8,0.508,17.7,23.2,0.762,11.3,33.7,45.0,24.2,8.8,5.3,16.0,22.0,109.1,2015
,League Average,82,241.8,38.2,84.6,0.452,8.5,24.1,0.354,29.7,60.5,0.491,17.7,23.4,0.757,10.4,33.3,43.8,22.3,7.8,5.0,14.4,20.3,102.7,2015
1.0,Utah Jazz*,82,240.9,36.3,82.0,0.443,8.2,22.9,0.358,28.1,59.1,0.476,16.0,20.7,0.769,9.0,31.1,40.2,17.8,7.3,3.8,12.1,20.2,96.8,2016
2.0,San Antonio Spurs*,82,241.5,37.0,83.4,0.443,8.1,23.7,0.344,28.8,59.7,0.483,16.0,20.8,0.771,9.8,31.7,41.5,21.4,7.5,4.1,14.4,19.8,98.1,2016
3.0,Memphis Grizzlies*,82,242.7,34.9,78.8,0.443,9.9,28.0,0.354,25.0,50.8,0.492,20.2,26.9,0.753,9.3,32.8,42.1,20.1,7.0,5.0,14.3,20.8,100.0,2016
4.0,Dallas Mavericks,82,241.2,37.0,79.0,0.469,9.6,25.3,0.38,27.4,53.7,0.51,17.2,22.3,0.772,8.9,35.6,44.5,21.3,6.5,3.4,14.9,19.4,100.8,2016
5.0,Miami Heat,82,241.2,37.9,84.2,0.45,7.8,22.7,0.343,30.1,61.5,0.49,18.5,23.7,0.782,10.2,33.4,43.6,19.6,6.8,4.9,13.7,18.7,102.1,2016
6.0,Chicago Bulls*,82,241.2,39.5,86.6,0.456,8.9,25.9,0.345,30.5,60.7,0.503,14.6,19.0,0.77,10.3,32.9,43.2,23.6,7.3,4.6,13.4,18.8,102.4,2016
7.0,Detroit Pistons,82,241.5,38.3,83.3,0.46,9.4,25.6,0.366,29.0,57.7,0.502,16.4,21.0,0.78,8.0,34.9,42.9,23.5,6.7,4.1,12.8,17.5,102.5,2016
8.0,Toronto Raptors*,82,241.2,37.2,82.9,0.449,9.7,27.3,0.354,27.5,55.6,0.495,18.5,23.8,0.78,10.1,31.9,42.1,21.8,6.7,4.8,14.6,20.3,102.6,2016
9.0,Milwaukee Bucks*,82,241.2,38.0,83.0,0.458,10.0,28.2,0.353,28.0,54.8,0.512,17.9,23.2,0.771,10.3,32.1,42.5,24.1,7.4,4.6,14.7,19.3,103.8,2016
10.0,Atlanta Hawks*,82,242.4,38.8,87.3,0.444,10.9,30.5,0.357,27.9,56.7,0.491,15.6,20.2,0.772,10.7,33.2,43.9,23.4,9.0,5.2,15.4,21.6,104.0,2016
11.0,Golden State Warriors*,82,241.2,38.8,89.2,0.435,9.0,27.8,0.324,29.8,61.4,0.485,17.7,23.2,0.761,11.7,31.8,43.5,22.7,8.6,3.8,15.5,19.4,104.3,2016
12.0,Los Angeles Clippers*,82,240.9,38.6,85.4,0.452,9.2,26.3,0.35,29.4,59.1,0.497,18.0,23.4,0.772,10.2,32.9,43.1,23.1,7.0,3.1,13.2,22.4,104.4,2016
13.0,Charlotte Hornets,82,241.8,39.5,86.5,0.456,11.6,31.4,0.369,27.9,55.1,0.506,14.2,18.2,0.776,8.9,35.5,44.4,24.5,6.6,5.5,13.1,19.9,104.7,2016
14.0,Indiana Pacers*,82,242.1,38.0,84.3,0.451,10.4,29.1,0.355,27.6,55.1,0.501,19.0,24.1,0.789,10.7,33.5,44.3,22.3,8.1,5.0,14.9,19.5,105.3,2016
15.0,Boston Celtics*,82,240.9,38.6,85.8,0.45,9.0,27.0,0.332,29.7,58.8,0.505,19.1,24.9,0.769,10.8,33.8,44.5,22.6,7.6,5.2,13.9,20.3,105.4,2016
16.0,Oklahoma City Thunder*,82,241.5,39.2,85.3,0.459,8.8,24.8,0.356,30.4,60.5,0.502,18.6,24.3,0.764,9.1,31.5,40.6,21.4,8.5,5.5,13.8,20.7,105.8,2016
17.0,New Orleans Pelicans,82,242.7,40.1,89.0,0.45,10.5,29.8,0.353,29.5,59.2,0.499,15.8,20.7,0.762,10.6,37.7,48.3,23.4,7.4,4.2,14.0,19.3,106.4,2016
18.0,Minnesota Timberwolves,82,241.5,39.6,83.3,0.475,9.9,27.0,0.366,29.7,56.3,0.528,17.6,22.9,0.768,9.8,30.6,40.4,23.1,7.7,5.0,14.3,20.5,106.7,2016
19.0,Sacramento Kings,82,242.4,38.5,83.2,0.462,10.9,30.0,0.364,27.5,53.2,0.517,18.9,24.2,0.778,10.1,32.8,42.9,23.7,8.5,5.1,14.0,20.1,106.7,2016
20.0,Cleveland Cavaliers*,82,242.4,40.6,88.8,0.458,10.4,28.7,0.361,30.3,60.1,0.504,15.5,20.0,0.773,11.0,33.2,44.2,24.7,7.3,4.3,12.6,20.6,107.2,2016
21.0,Washington Wizards*,82,242.1,39.7,85.1,0.466,9.9,27.1,0.364,29.8,58.0,0.514,18.2,24.2,0.751,10.6,32.5,43.0,22.8,7.4,4.6,15.3,19.8,107.4,2016
22.0,Orlando Magic,82,241.5,40.3,86.4,0.467,9.7,26.4,0.367,30.6,60.0,0.51,17.4,22.7,0.766,9.7,35.8,45.5,23.6,7.6,5.1,13.0,18.7,107.6,2016
23.0,New York Knicks,82,242.1,39.7,87.4,0.455,9.8,28.2,0.348,29.9,59.1,0.506,18.7,24.2,0.771,11.6,33.1,44.7,21.8,7.5,4.6,12.9,18.5,108.0,2016
24.0,Philadelphia 76ers,82,241.8,39.6,85.9,0.461,8.9,24.9,0.357,30.7,61.0,0.503,20.1,26.0,0.773,10.8,34.2,45.0,22.7,8.6,5.4,15.1,19.6,108.1,2016
25.0,Portland Trail Blazers*,82,243.0,39.2,86.2,0.455,9.3,25.1,0.37,29.9,61.1,0.489,20.8,26.5,0.785,10.1,33.9,44.0,20.6,7.7,5.3,12.8,19.8,108.5,2016
26.0,Houston Rockets*,82,241.2,41.2,88.9,0.463,10.0,29.1,0.343,31.2,59.7,0.522,17.3,22.2,0.778,10.7,33.4,44.1,24.1,8.5,5.0,15.1,20.4,109.6,2016
27.0,Denver Nuggets,82,240.9,42.1,88.4,0.477,9.9,26.3,0.375,32.3,62.1,0.519,17.1,21.9,0.782,9.4,31.4,40.8,24.0,8.3,4.9,12.0,20.2,111.2,2016
28.0,Los Angeles Lakers,82,240.3,41.5,86.0,0.483,10.1,27.4,0.37,31.4,58.6,0.536,18.3,24.0,0.762,10.3,34.2,44.4,25.7,8.5,5.4,14.5,18.5,111.5,2016
29.0,Brooklyn Nets,82,240.9,41.6,90.8,0.458,10.0,27.2,0.366,31.7,63.6,0.498,19.3,25.0,0.772,11.0,36.2,47.2,23.0,9.5,5.6,13.3,20.4,112.5,2016
30.0,Phoenix Suns,82,241.8,40.2,86.2,0.467,10.1,26.3,0.382,30.2,59.9,0.504,22.8,29.1,0.783,10.2,33.8,44.0,22.2,8.1,5.3,14.9,22.2,113.3,2016
,League Average,82,241.6,39.0,85.4,0.457,9.7,27.0,0.358,29.4,58.4,0.503,17.8,23.1,0.772,10.1,33.4,43.5,22.6,7.7,4.7,14.0,19.9,105.6,2016
1.0,Utah Jazz*,82,240.9,37.3,83.0,0.449,9.5,26.0,0.365,27.8,57.0,0.488,15.8,20.5,0.771,8.7,33.0,41.6,20.0,8.3,4.6,14.9,20.5,99.8,2017
2.0,San Antonio Spurs*,82,240.6,38.2,84.3,0.453,9.1,26.3,0.348,29.0,58.0,0.501,14.3,18.9,0.759,9.2,33.3,42.5,21.8,7.6,3.9,14.1,19.7,99.8,2017
3.0,Boston Celtics*,82,241.5,37.4,85.0,0.44,9.4,27.7,0.339,28.0,57.4,0.488,16.3,21.3,0.763,9.6,34.2,43.8,21.3,7.2,4.4,14.1,19.2,100.4,2017
4.0,Miami Heat*,82,243.0,37.7,83.8,0.45,9.6,26.6,0.36,28.1,57.2,0.491,18.0,23.0,0.783,9.1,34.0,43.1,21.0,7.5,4.6,14.1,19.4,102.9,2017
5.0,Portland Trail Blazers*,82,240.9,38.4,85.9,0.447,9.7,26.6,0.364,28.7,59.3,0.484,16.6,22.0,0.755,9.3,33.6,42.9,20.2,7.3,5.1,12.6,19.1,103.0,2017
6.0,Toronto Raptors*,82,241.8,38.4,85.6,0.449,8.9,25.0,0.357,29.5,60.6,0.486,18.2,23.7,0.767,9.8,32.6,42.4,21.8,7.2,4.9,14.3,19.9,103.9,2017
7.0,Detroit Pistons,82,241.5,39.1,85.2,0.459,11.1,30.8,0.359,28.0,54.4,0.515,14.6,18.9,0.776,9.2,34.5,43.8,25.2,7.3,4.9,14.8,18.4,103.9,2017
8.0,Houston Rockets*,82,240.9,39.6,85.6,0.462,10.1,28.8,0.351,29.5,56.7,0.519,14.6,19.6,0.746,8.7,33.4,42.0,22.4,7.4,4.4,14.6,20.4,103.9,2017
9.0,Indiana Pacers*,82,240.9,39.4,84.8,0.465,10.6,30.4,0.349,28.8,54.4,0.53,14.8,19.5,0.757,10.2,32.8,43.0,23.2,7.0,5.2,15.5,18.5,104.2,2017
10.0,Oklahoma City Thunder*,82,241.8,38.5,84.0,0.458,11.2,30.6,0.367,27.3,53.4,0.511,16.2,21.1,0.769,9.5,32.6,42.2,23.3,7.7,4.6,16.0,21.3,104.4,2017
11.0,Philadelphia 76ers*,82,241.2,38.0,87.6,0.434,10.1,29.6,0.342,27.9,58.0,0.482,19.1,25.6,0.745,10.0,32.2,42.2,21.7,8.5,5.1,14.3,20.4,105.3,2017
12.0,Dallas Mavericks,82,241.5,39.3,83.8,0.469,10.7,29.4,0.363,28.6,54.4,0.526,16.2,21.4,0.757,8.8,36.9,45.8,23.5,7.2,4.5,13.7,19.6,105.4,2017
13.0,Memphis Grizzlies,82,240.3,37.1,80.3,0.462,10.7,29.0,0.368,26.5,51.3,0.516,20.6,26.8,0.769,9.5,33.0,42.5,22.1,8.1,5.1,14.8,20.4,105.5,2017
14.0,Sacramento Kings,82,240.9,38.7,82.4,0.47,11.9,31.5,0.377,26.8,50.9,0.527,16.4,21.5,0.765,9.1,34.7,43.8,23.6,7.8,4.7,14.3,17.3,105.8,2017
15.0,Washington Wizards*,82,242.1,39.0,84.4,0.462,10.2,29.2,0.349,28.8,55.2,0.522,17.9,23.5,0.761,9.8,32.7,42.5,22.3,7.8,4.7,14.9,20.0,106.0,2017
16.0,Milwaukee Bucks*,82,241.8,39.1,83.7,0.468,10.1,27.1,0.372,29.0,56.6,0.513,18.4,23.5,0.783,10.0,32.8,42.7,23.6,7.1,4.5,15.6,19.9,106.8,2017
17.0,Minnesota Timberwolves*,82,241.5,40.2,84.7,0.475,10.9,29.6,0.366,29.4,55.0,0.534,16.0,20.5,0.779,9.8,32.0,41.8,23.9,6.5,4.7,15.1,20.9,107.3,2017
18.0,Golden State Warriors*,82,240.6,40.2,90.0,0.447,10.4,29.2,0.357,29.8,60.8,0.49,16.7,22.0,0.758,10.9,31.6,42.5,23.6,8.7,3.7,14.3,18.5,107.5,2017
19.0,Charlotte Hornets,82,241.2,41.1,87.8,0.468,11.3,30.1,0.375,29.8,57.7,0.516,14.5,18.2,0.795,8.4,35.3,43.7,24.7,6.6,4.9,13.6,22.4,108.0,2017
20.0,New York Knicks,82,241.8,39.4,86.3,0.457,11.2,30.4,0.368,28.2,55.9,0.505,18.0,23.2,0.774,10.2,33.0,43.2,24.0,8.2,4.7,13.4,18.4,108.0,2017
21.0,Orlando Magic,82,240.6,40.9,87.5,0.468,10.0,27.6,0.362,30.9,60.0,0.516,16.4,21.2,0.773,10.6,35.3,45.9,24.4,7.8,4.9,14.2,19.0,108.2,2017
22.0,Denver Nuggets,82,242.4,41.3,86.7,0.476,10.9,28.8,0.378,30.4,57.9,0.525,15.0,20.4,0.738,9.8,31.9,41.6,24.7,8.0,4.8,13.8,20.7,108.5,2017
23.0,Atlanta Hawks,82,240.3,40.7,86.7,0.469,11.6,30.7,0.377,29.1,56.0,0.52,15.9,20.6,0.772,10.3,34.0,44.2,26.1,8.7,5.5,15.1,20.3,108.8,2017
24.0,Los Angeles Clippers,82,240.3,40.2,87.7,0.458,10.7,30.2,0.356,29.5,57.5,0.512,17.8,22.7,0.782,10.6,33.0,43.6,24.6,8.5,5.6,14.1,22.0,109.0,2017
25.0,Los Angeles Lakers,82,242.7,41.0,89.9,0.456,10.4,30.1,0.346,30.6,59.8,0.512,17.1,22.5,0.761,10.2,34.6,44.8,23.6,8.3,5.5,14.3,20.5,109.6,2017
26.0,Cleveland Cavaliers*,82,240.6,41.8,88.3,0.474,11.7,31.7,0.368,30.2,56.6,0.533,14.6,19.4,0.756,9.9,33.7,43.6,25.9,7.5,4.1,13.5,20.7,109.9,2017
27.0,Chicago Bulls,82,242.1,41.0,86.8,0.472,12.1,32.7,0.37,28.9,54.1,0.534,15.9,20.2,0.787,8.4,37.2,45.7,25.9,7.2,5.2,13.6,17.4,110.0,2017
28.0,Brooklyn Nets,82,242.1,41.7,89.4,0.466,9.0,24.5,0.369,32.6,64.9,0.503,17.9,23.4,0.766,10.4,36.4,46.8,21.7,7.7,5.5,12.4,19.7,110.3,2017
29.0,New Orleans Pelicans*,82,243.4,41.7,91.9,0.454,10.9,30.6,0.355,30.9,61.3,0.503,16.1,20.5,0.784,10.8,34.7,45.5,23.7,8.2,4.2,14.5,20.4,110.4,2017
30.0,Phoenix Suns,82,240.3,41.8,88.7,0.471,10.9,29.2,0.373,30.9,59.5,0.519,18.8,24.6,0.766,10.4,35.4,45.9,23.3,8.7,6.0,13.4,20.9,113.3,2017
,League Average,82,241.4,39.6,86.1,0.46,10.5,29.0,0.362,29.1,57.1,0.51,16.6,21.7,0.767,9.7,33.8,43.5,23.2,7.7,4.8,14.3,19.9,106.3,2017
1.0,Indiana Pacers*,82,240.3,38.7,86.1,0.45,11.4,32.1,0.354,27.4,54.0,0.507,15.8,21.0,0.756,10.5,33.1,43.7,24.5,7.4,5.2,15.7,20.0,104.7,2018
2.0,Miami Heat,82,240.6,38.3,86.8,0.441,11.9,33.1,0.358,26.4,53.6,0.493,17.5,22.7,0.769,10.1,34.0,44.2,23.3,7.5,4.7,14.1,20.1,105.9,2018
3.0,Memphis Grizzlies,82,242.4,37.6,83.4,0.451,11.6,32.2,0.36,26.0,51.2,0.508,19.3,24.7,0.784,9.5,35.2,44.7,23.4,7.6,4.9,15.2,21.4,106.1,2018
4.0,Utah Jazz*,82,240.9,40.0,88.5,0.452,9.8,27.7,0.355,30.1,60.7,0.496,16.7,22.2,0.753,8.9,33.7,42.6,21.6,8.5,4.6,13.9,22.4,106.5,2018
5.0,Orlando Magic*,82,241.2,39.9,87.6,0.456,10.5,30.2,0.347,29.5,57.4,0.513,16.3,20.9,0.778,9.0,35.6,44.6,23.1,7.0,4.4,13.0,18.7,106.6,2018
6.0,Denver Nuggets*,82,240.6,39.6,86.4,0.458,10.8,31.9,0.339,28.8,54.5,0.528,16.7,22.2,0.753,9.7,32.7,42.5,24.6,7.4,5.0,13.5,20.4,106.7,2018
7.0,Detroit Pistons*,82,242.1,39.9,85.0,0.469,9.6,27.8,0.345,30.3,57.2,0.53,17.9,23.7,0.755,9.1,34.6,43.7,23.7,6.9,5.1,14.1,21.3,107.3,2018
8.0,Boston Celtics*,82,241.2,39.5,88.1,0.448,11.5,33.5,0.344,28.0,54.6,0.513,17.4,22.8,0.764,10.4,35.5,45.9,23.7,6.8,3.9,15.1,19.5,108.0,2018
9.0,Toronto Raptors*,82,242.4,40.3,89.7,0.449,10.8,31.2,0.345,29.5,58.5,0.505,17.1,22.3,0.765,10.6,34.2,44.8,24.5,7.6,4.5,14.9,20.5,108.4,2018
10.0,Houston Rockets*,82,241.8,40.4,86.7,0.466,10.1,29.8,0.34,30.3,56.9,0.532,18.2,23.7,0.768,11.0,34.5,45.4,23.5,7.4,4.5,15.0,20.0,109.1,2018
11.0,Milwaukee Bucks*,82,241.2,40.5,93.5,0.433,13.1,36.3,0.361,27.4,57.2,0.479,15.1,20.7,0.733,9.9,35.4,45.3,24.8,6.8,4.8,13.4,20.2,109.3,2018
12.0,San Antonio Spurs*,82,241.5,41.5,89.7,0.463,11.7,32.7,0.359,29.8,57.0,0.522,15.2,20.2,0.755,9.2,34.7,43.9,24.7,7.2,4.0,12.2,19.6,110.0,2018
13.0,Dallas Mavericks,82,241.2,40.9,89.2,0.459,11.2,32.5,0.344,29.7,56.7,0.525,17.1,22.0,0.777,10.2,34.6,44.8,24.5,7.8,4.5,13.0,23.2,110.1,2018
14.0,Portland Trail Blazers*,82,242.1,41.1,90.0,0.457,10.7,29.8,0.359,30.4,60.3,0.505,17.5,22.8,0.77,10.3,32.6,42.8,23.2,7.4,5.1,12.4,20.7,110.5,2018
15.0,Oklahoma City Thunder*,82,242.1,40.8,88.7,0.46,11.2,31.6,0.356,29.5,57.1,0.517,18.3,24.0,0.761,9.9,35.8,45.7,24.9,8.2,5.1,16.7,22.5,111.1,2018
16.0,Golden State Warriors*,82,241.5,40.4,91.1,0.444,11.6,33.6,0.347,28.8,57.5,0.5,18.7,24.2,0.773,10.8,33.5,44.3,24.3,7.7,3.6,13.5,19.5,111.2,2018
17.0,Charlotte Hornets,82,241.8,41.9,89.2,0.47,12.1,33.5,0.361,29.8,55.6,0.536,15.9,20.2,0.787,10.1,35.7,45.8,26.0,6.9,6.0,13.5,20.6,111.8,2018
18.0,Brooklyn Nets*,82,243.7,42.2,92.5,0.456,10.3,30.3,0.341,31.9,62.1,0.513,17.6,22.8,0.77,11.0,35.2,46.2,23.7,7.8,5.3,13.5,22.0,112.3,2018
19.0,Philadelphia 76ers*,82,241.5,41.7,91.5,0.455,10.3,30.0,0.342,31.4,61.5,0.511,18.8,24.5,0.768,10.0,33.5,43.5,23.4,7.7,4.1,12.7,22.1,112.5,2018
20.0,Chicago Bulls,82,242.7,42.2,89.2,0.473,12.1,33.0,0.365,30.2,56.2,0.537,16.8,22.0,0.763,10.0,36.4,46.4,25.5,7.3,5.8,13.3,18.7,113.4,2018
21.0,Los Angeles Lakers,82,241.2,41.9,92.8,0.452,11.8,34.0,0.349,30.1,58.9,0.511,17.8,22.7,0.784,11.3,35.6,46.9,25.0,8.3,5.1,14.2,20.8,113.5,2018
22.0,New York Knicks,82,241.2,41.9,89.7,0.467,11.8,32.6,0.363,30.1,57.1,0.527,18.2,23.8,0.766,10.7,36.8,47.5,25.6,7.4,5.6,13.2,20.8,113.8,2018
23.0,Minnesota Timberwolves,82,241.8,42.1,90.1,0.467,12.7,33.6,0.378,29.4,56.5,0.52,17.1,22.3,0.767,11.2,34.4,45.6,26.2,6.6,5.5,14.7,21.9,114.0,2018
24.0,Cleveland Cavaliers,82,240.9,43.2,87.2,0.495,12.0,31.6,0.38,31.2,55.6,0.561,15.8,20.5,0.77,9.5,34.6,44.1,25.7,6.9,5.6,12.5,19.4,114.1,2018
25.0,Los Angeles Clippers*,82,241.8,41.7,91.3,0.457,10.4,30.2,0.343,31.4,61.1,0.513,20.5,26.3,0.777,11.3,34.5,45.7,24.1,8.3,6.1,13.2,24.0,114.3,2018
26.0,Sacramento Kings,82,240.6,42.3,90.6,0.466,12.0,34.6,0.348,30.2,56.0,0.54,18.8,24.4,0.77,11.2,36.8,48.0,24.7,7.5,5.1,15.9,21.4,115.3,2018
27.0,New Orleans Pelicans,82,240.9,43.3,92.8,0.466,12.3,33.7,0.364,31.0,59.1,0.525,17.9,23.5,0.764,11.0,34.8,45.8,26.5,8.6,5.4,13.6,21.0,116.8,2018
28.0,Phoenix Suns,82,242.4,42.5,88.2,0.482,11.1,29.9,0.372,31.3,58.2,0.538,20.8,27.6,0.753,11.8,35.3,47.2,25.9,9.0,5.0,15.7,20.7,116.8,2018
29.0,Washington Wizards,82,243.0,43.4,90.5,0.48,12.1,32.8,0.37,31.3,57.7,0.542,18.0,23.1,0.778,11.4,35.8,47.3,26.2,7.7,4.6,15.8,21.2,116.9,2018
30.0,Atlanta Hawks,82,242.1,42.8,90.5,0.473,12.4,34.4,0.359,30.4,56.1,0.543,21.5,28.3,0.758,10.6,35.4,46.0,26.9,9.9,5.5,15.0,22.2,119.4,2018
,League Average,82,241.6,41.1,89.2,0.461,11.4,32.0,0.355,29.7,57.2,0.52,17.7,23.1,0.766,10.3,34.8,45.2,24.6,7.6,5.0,14.1,20.9,111.2,2018
1.0,Toronto Raptors*,72,241.4,37.8,88.3,0.428,13.1,38.9,0.337,24.7,49.5,0.499,17.8,23.2,0.769,10.9,35.1,46.1,25.6,7.2,5.5,16.8,20.4,106.5,2019
2.0,Boston Celtics*,72,242.1,38.4,87.1,0.441,11.8,34.8,0.34,26.6,52.3,0.508,18.8,24.5,0.767,10.3,34.0,44.3,22.4,7.1,5.5,15.2,20.7,107.3,2019
3.0,Indiana Pacers*,73,241.4,39.5,88.5,0.446,11.5,33.6,0.341,28.0,54.8,0.511,17.0,21.6,0.788,10.4,34.9,45.2,23.1,6.9,4.6,14.7,18.8,107.5,2019
4.0,Los Angeles Lakers*,71,240.7,39.1,87.1,0.448,11.6,33.4,0.349,27.4,53.7,0.51,17.9,22.9,0.781,9.4,32.9,42.3,23.4,8.2,3.7,15.9,21.7,107.6,2019
5.0,Orlando Magic*,73,240.7,40.4,86.9,0.465,12.2,33.6,0.364,28.2,53.3,0.529,15.3,19.8,0.771,9.0,35.8,44.9,24.7,7.0,4.6,14.6,19.5,108.3,2019
6.0,Philadelphia 76ers*,73,241.0,39.8,86.0,0.463,10.4,29.4,0.353,29.4,56.5,0.52,18.4,24.5,0.751,8.6,33.2,41.8,22.8,7.0,4.0,13.8,20.5,108.4,2019
7.0,Oklahoma City Thunder*,72,242.1,40.8,89.6,0.455,11.3,33.3,0.34,29.5,56.4,0.523,15.5,19.6,0.795,10.5,34.3,44.8,23.0,7.0,4.0,14.2,22.8,108.4,2019
8.0,Milwaukee Bucks*,73,241.0,38.9,94.0,0.414,14.0,39.3,0.355,25.0,54.7,0.457,16.7,21.2,0.787,9.5,36.3,45.8,24.2,7.4,4.5,14.1,21.7,108.6,2019
9.0,Utah Jazz*,72,241.0,40.7,89.1,0.457,11.0,31.0,0.353,29.7,58.1,0.512,16.5,21.5,0.767,9.6,33.1,42.7,21.5,7.9,4.6,12.3,20.8,108.8,2019
10.0,Miami Heat*,73,243.1,38.8,86.7,0.448,13.1,37.7,0.347,25.7,48.9,0.525,18.4,23.6,0.783,9.2,33.3,42.5,24.6,7.5,4.1,14.0,21.7,109.1,2019
11.0,Denver Nuggets*,73,243.1,40.0,86.5,0.463,12.1,33.9,0.358,27.9,52.6,0.53,17.1,22.5,0.759,10.1,32.6,42.6,25.4,7.2,4.4,14.3,20.5,109.2,2019
12.0,Charlotte Hornets,65,242.3,41.7,87.5,0.476,12.4,35.1,0.352,29.3,52.5,0.558,14.0,18.4,0.758,10.9,35.0,46.0,26.6,8.0,5.0,14.4,20.6,109.6,2019
13.0,Los Angeles Clippers*,72,241.4,39.5,90.2,0.438,12.3,35.6,0.345,27.2,54.6,0.499,18.5,24.5,0.756,10.7,34.6,45.3,23.7,7.5,4.7,14.1,22.9,109.9,2019
14.0,Chicago Bulls,65,241.2,39.5,82.5,0.479,11.2,31.6,0.353,28.3,50.9,0.557,19.7,26.0,0.759,10.2,35.4,45.5,25.4,8.2,5.9,18.3,19.2,109.9,2019
15.0,Detroit Pistons,66,241.9,41.9,87.3,0.48,10.7,29.6,0.361,31.3,57.8,0.541,16.2,20.9,0.777,10.1,33.4,43.5,24.6,8.2,5.6,14.0,19.8,110.8,2019
16.0,Sacramento Kings,72,242.4,40.3,85.5,0.471,12.4,34.8,0.357,27.8,50.7,0.549,19.2,24.3,0.79,9.1,34.5,43.5,24.9,7.7,4.2,15.2,19.5,112.1,2019
17.0,Dallas Mavericks*,75,242.3,41.9,91.6,0.458,12.3,34.9,0.351,29.7,56.7,0.523,16.0,21.0,0.76,10.4,35.0,45.4,23.9,7.0,4.1,11.9,21.3,112.1,2019
18.0,Brooklyn Nets*,72,242.8,41.4,92.9,0.446,12.2,34.8,0.35,29.2,58.1,0.503,17.4,22.6,0.769,10.6,35.3,45.9,22.6,7.7,5.3,12.8,21.1,112.3,2019
19.0,New York Knicks,66,241.9,39.9,86.0,0.463,13.3,34.9,0.381,26.6,51.1,0.52,19.2,25.7,0.749,9.6,34.6,44.2,24.3,7.2,5.0,13.7,19.8,112.3,2019
20.0,Phoenix Suns,73,241.0,41.2,87.4,0.472,11.6,32.0,0.363,29.6,55.4,0.535,19.3,24.5,0.788,9.1,34.2,43.3,23.6,7.9,5.5,15.6,22.6,113.4,2019
21.0,Memphis Grizzlies,73,240.7,40.6,90.3,0.45,12.9,35.3,0.365,27.7,55.0,0.504,19.6,25.0,0.782,10.4,34.5,44.9,24.8,8.0,5.3,14.8,20.2,113.7,2019
22.0,Houston Rockets*,72,241.4,42.3,91.5,0.462,12.2,35.0,0.349,30.1,56.5,0.532,18.0,23.7,0.761,11.2,36.7,47.9,25.3,8.0,4.9,16.2,21.0,114.8,2019
23.0,Cleveland Cavaliers,65,241.9,43.9,89.4,0.491,12.4,33.0,0.375,31.5,56.4,0.558,14.7,19.2,0.767,9.7,33.1,42.9,26.1,9.4,6.3,13.0,19.6,114.8,2019
24.0,Golden State Warriors,65,241.9,42.2,88.6,0.476,13.5,34.8,0.389,28.7,53.8,0.533,17.1,21.9,0.783,10.2,36.3,46.5,26.1,8.2,4.9,15.6,20.1,115.0,2019
25.0,San Antonio Spurs,71,242.5,42.3,90.2,0.469,13.1,35.1,0.373,29.2,55.1,0.53,17.4,22.5,0.777,9.4,35.9,45.3,25.7,6.8,4.3,13.2,20.1,115.2,2019
26.0,Portland Trail Blazers*,74,241.0,41.8,91.6,0.456,13.6,35.4,0.383,28.2,56.2,0.501,19.1,24.7,0.771,11.5,35.4,46.9,24.9,6.8,4.9,12.9,20.1,116.1,2019
27.0,New Orleans Pelicans,72,242.1,42.7,91.8,0.465,12.2,33.9,0.361,30.5,58.0,0.526,19.4,24.7,0.789,10.1,34.7,44.8,24.5,8.5,4.8,14.5,21.1,117.1,2019
28.0,Minnesota Timberwolves,64,243.1,43.1,90.4,0.477,11.6,31.9,0.363,31.6,58.5,0.539,19.7,25.2,0.783,10.1,37.2,47.3,24.4,7.8,5.5,15.5,21.6,117.5,2019
29.0,Washington Wizards,72,241.0,43.1,88.4,0.488,12.4,33.1,0.376,30.7,55.2,0.555,20.4,26.3,0.778,10.5,35.7,46.2,25.2,7.5,5.0,16.2,22.2,119.1,2019
30.0,Atlanta Hawks,67,243.0,43.3,90.7,0.478,11.9,32.7,0.363,31.4,58.0,0.542,21.2,27.4,0.772,11.2,35.9,47.0,25.0,9.0,6.4,15.0,21.0,119.7,2019
,League Average,71,241.8,40.9,88.8,0.46,12.2,34.1,0.358,28.7,54.7,0.524,17.9,23.1,0.773,10.1,34.8,44.8,24.4,7.6,4.9,14.5,20.8,111.8,2019
1.0,New York Knicks*,72,242.1,37.9,86.2,0.44,12.0,35.6,0.337,25.9,50.6,0.512,16.9,22.2,0.761,9.7,34.4,44.1,23.6,6.6,5.4,12.8,17.9,104.7,2020
2.0,Los Angeles Lakers*,72,242.4,39.8,86.4,0.46,11.4,32.2,0.352,28.4,54.2,0.524,15.9,20.5,0.776,8.8,33.2,42.0,24.7,8.2,4.5,15.2,21.3,106.8,2020
3.0,Utah Jazz*,72,241.0,40.9,91.4,0.447,10.9,31.8,0.341,30.0,59.6,0.504,14.5,18.9,0.768,9.8,32.8,42.6,22.3,7.7,3.9,11.5,19.0,107.2,2020
4.0,Los Angeles Clippers*,72,240.0,40.1,86.4,0.464,11.6,32.5,0.356,28.5,53.9,0.529,16.1,20.7,0.777,9.2,32.0,41.2,22.9,7.1,4.2,12.8,18.1,107.8,2020
5.0,Miami Heat*,72,241.4,39.1,85.2,0.459,14.3,39.1,0.365,24.8,46.2,0.538,15.6,19.9,0.782,9.5,33.4,42.9,25.8,7.5,4.0,15.1,19.6,108.0,2020
6.0,Philadelphia 76ers*,72,242.1,39.4,86.9,0.453,11.9,33.0,0.36,27.5,53.9,0.51,17.4,22.8,0.764,9.8,33.2,42.9,23.5,7.2,4.7,15.6,21.0,108.1,2020
7.0,Phoenix Suns*,72,242.8,40.5,86.8,0.467,11.6,32.8,0.354,28.9,54.0,0.535,16.8,21.7,0.778,9.4,33.3,42.7,22.9,6.9,3.6,13.6,18.0,109.5,2020
8.0,Denver Nuggets*,72,242.8,40.0,85.4,0.469,13.0,35.7,0.363,27.1,49.7,0.545,17.1,22.1,0.773,9.1,32.1,41.2,25.9,7.5,4.5,14.1,19.2,110.1,2020
9.0,Dallas Mavericks*,72,240.3,40.1,87.1,0.46,12.8,35.2,0.365,27.2,51.8,0.525,17.2,22.5,0.764,9.8,34.2,43.9,22.7,7.3,3.7,12.6,20.1,110.2,2020
10.0,Detroit Pistons,72,242.1,41.4,86.9,0.476,11.3,31.4,0.362,30.0,55.6,0.541,17.0,22.3,0.76,10.0,34.4,44.3,24.8,8.0,5.8,13.9,20.4,111.1,2020
11.0,Boston Celtics*,72,241.4,39.9,86.0,0.464,12.8,34.3,0.374,27.1,51.6,0.524,18.5,23.5,0.785,9.4,33.1,42.5,24.1,7.4,4.6,14.1,19.3,111.2,2020
12.0,Atlanta Hawks*,72,241.7,41.3,89.1,0.463,11.9,34.2,0.349,29.3,55.0,0.534,16.9,21.1,0.803,10.0,32.7,42.7,24.4,7.7,5.0,12.3,19.8,111.4,2020
13.0,Charlotte Hornets,72,241.0,41.3,88.1,0.468,14.5,39.5,0.366,26.8,48.6,0.552,14.4,19.3,0.745,10.6,34.5,45.2,27.1,8.1,4.8,14.8,18.6,111.4,2020
14.0,Chicago Bulls,72,241.4,41.4,87.7,0.473,11.5,32.3,0.356,29.9,55.3,0.541,17.2,22.2,0.774,8.7,33.5,42.1,24.1,8.5,5.1,12.7,17.7,111.6,2020
15.0,Toronto Raptors,72,240.3,39.0,84.7,0.461,13.9,36.7,0.379,25.1,48.0,0.523,19.8,24.8,0.799,10.0,35.9,45.9,26.0,6.6,5.6,16.1,19.5,111.7,2020
16.0,Memphis Grizzlies*,72,241.7,41.0,88.7,0.462,12.9,35.1,0.367,28.2,53.6,0.525,17.4,22.1,0.788,9.8,34.9,44.7,25.4,7.7,5.2,14.8,18.3,112.3,2020
17.0,Cleveland Cavaliers,72,242.1,42.0,86.7,0.484,12.4,32.4,0.383,29.6,54.3,0.545,15.9,20.4,0.779,9.9,33.8,43.7,25.4,8.5,5.9,14.3,20.2,112.3,2020
18.0,Golden State Warriors,72,240.3,40.2,89.0,0.452,12.4,34.5,0.359,27.9,54.5,0.511,19.8,25.5,0.778,10.7,36.6,47.3,23.8,7.9,4.3,15.0,19.5,112.7,2020
19.0,San Antonio Spurs,72,242.8,42.4,89.8,0.472,12.3,32.6,0.377,30.1,57.2,0.527,15.7,20.7,0.758,10.2,37.2,47.4,24.8,6.3,5.1,13.2,18.6,112.8,2020
20.0,Orlando Magic,72,240.7,42.2,89.7,0.471,13.7,36.8,0.373,28.5,52.9,0.539,15.2,19.3,0.786,9.8,37.6,47.4,26.0,7.6,5.3,12.7,18.7,113.3,2020
21.0,Brooklyn Nets*,72,241.7,41.9,91.3,0.459,13.2,36.2,0.365,28.7,55.1,0.521,17.1,22.0,0.775,10.5,32.6,43.1,24.0,7.6,4.6,12.6,18.9,114.1,2020
22.0,Milwaukee Bucks*,72,240.7,42.4,92.9,0.456,14.8,38.6,0.384,27.6,54.3,0.507,14.6,18.8,0.78,9.6,33.8,43.4,25.1,7.0,4.8,13.2,18.3,114.2,2020
23.0,Portland Trail Blazers*,72,240.3,41.8,88.3,0.473,12.9,34.6,0.372,28.9,53.6,0.538,17.9,22.8,0.787,9.9,35.5,45.4,24.9,6.1,4.6,12.4,19.1,114.3,2020
24.0,New Orleans Pelicans,72,242.1,41.9,89.3,0.469,14.5,38.1,0.38,27.4,51.2,0.535,16.6,21.1,0.79,8.9,32.9,41.8,25.9,7.7,5.9,13.3,21.3,114.9,2020
25.0,Indiana Pacers,72,242.4,42.7,91.3,0.468,11.5,31.5,0.366,31.2,59.9,0.521,18.4,23.5,0.782,11.3,35.5,46.8,26.1,7.4,5.3,14.8,18.1,115.3,2020
26.0,Oklahoma City Thunder,72,241.0,43.4,91.7,0.473,13.6,37.3,0.364,29.8,54.4,0.548,15.3,19.8,0.773,10.1,37.0,47.1,25.8,9.0,5.3,13.1,18.6,115.6,2020
27.0,Houston Rockets,72,240.3,42.7,89.0,0.48,13.4,35.2,0.382,29.3,53.9,0.544,17.9,22.8,0.783,9.9,37.7,47.6,25.8,8.5,5.3,14.7,19.3,116.7,2020
28.0,Sacramento Kings,72,240.3,43.6,89.4,0.488,12.4,32.6,0.38,31.2,56.8,0.549,17.8,22.7,0.787,10.7,34.6,45.2,25.3,7.6,4.7,13.7,18.7,117.4,2020
29.0,Minnesota Timberwolves,72,241.7,43.0,89.3,0.482,13.1,33.5,0.392,29.9,55.8,0.536,18.5,23.5,0.786,10.0,35.8,45.8,26.8,7.6,5.5,15.3,19.9,117.7,2020
30.0,Washington Wizards*,72,241.7,43.1,91.6,0.471,12.4,33.7,0.369,30.7,57.9,0.529,19.8,25.4,0.781,10.3,35.8,46.1,24.5,8.2,4.8,14.7,22.0,118.5,2020
,League Average,72,241.4,41.2,88.4,0.466,12.7,34.6,0.367,28.5,53.8,0.53,17.0,21.8,0.778,9.8,34.5,44.3,24.8,7.6,4.9,13.8,19.3,112.1,2020
1.0,Boston Celtics*,82,242.7,38.3,88.1,0.434,11.8,34.9,0.339,26.4,53.2,0.497,16.1,20.6,0.783,10.5,33.3,43.7,21.6,7.5,4.6,13.8,19.4,104.5,2021
2.0,Dallas Mavericks*,82,240.9,39.0,85.4,0.457,10.9,32.1,0.34,28.1,53.2,0.527,15.8,20.6,0.767,9.5,34.1,43.6,23.5,7.0,3.7,13.1,20.1,104.7,2021
3.0,Golden State Warriors*,82,240.6,37.9,86.6,0.438,12.2,36.0,0.339,25.7,50.6,0.509,17.4,22.9,0.759,9.7,33.0,42.6,22.9,7.9,3.9,14.5,18.0,105.5,2021
4.0,Miami Heat*,82,242.1,37.5,84.0,0.447,13.0,38.3,0.339,24.6,45.7,0.537,17.5,22.5,0.779,9.5,32.1,41.7,23.3,7.4,4.0,15.0,20.6,105.6,2021
5.0,Cleveland Cavaliers,82,240.6,39.5,87.2,0.452,11.7,33.2,0.353,27.8,54.0,0.514,15.0,19.4,0.774,10.5,32.4,42.9,24.1,8.4,4.6,13.4,20.0,105.7,2021
6.0,New York Knicks,82,241.2,38.5,86.0,0.447,12.7,37.0,0.342,25.8,49.0,0.527,17.0,22.3,0.764,9.3,34.3,43.6,24.2,7.0,4.6,12.7,20.4,106.6,2021
7.0,Toronto Raptors*,82,242.1,39.0,84.4,0.462,12.4,34.9,0.354,26.6,49.5,0.538,16.8,21.2,0.789,10.3,33.7,44.0,25.3,6.7,5.1,15.8,19.1,107.1,2021
8.0,Phoenix Suns*,82,240.6,39.2,88.3,0.444,11.6,34.2,0.34,27.6,54.1,0.51,17.3,22.7,0.761,10.5,33.9,44.5,22.9,7.5,4.0,14.7,18.9,107.3,2021
9.0,Philadelphia 76ers*,82,241.5,39.7,86.5,0.458,11.4,32.8,0.346,28.3,53.7,0.527,16.6,21.6,0.769,10.2,34.0,44.2,23.6,6.6,4.6,13.3,19.4,107.3,2021
10.0,Utah Jazz*,82,240.6,40.4,89.2,0.453,12.1,34.6,0.35,28.3,54.6,0.518,14.6,19.3,0.758,9.9,31.7,41.6,23.4,7.8,4.3,12.0,20.3,107.6,2021
11.0,Los Angeles Clippers,82,241.2,40.8,90.6,0.45,11.7,33.9,0.345,29.1,56.7,0.513,15.2,19.6,0.775,12.0,35.1,47.1,24.1,7.7,4.1,13.6,18.5,108.4,2021
12.0,Memphis Grizzlies*,82,241.2,40.3,88.6,0.455,12.0,34.5,0.349,28.3,54.2,0.522,17.3,22.4,0.771,10.0,33.0,43.0,25.0,7.2,6.0,15.1,19.8,109.9,2021
13.0,New Orleans Pelicans*,82,240.9,40.3,85.5,0.471,13.0,35.5,0.365,27.3,50.0,0.546,16.8,21.4,0.786,9.3,32.5,41.8,24.9,7.4,4.8,14.2,20.5,110.3,2021
14.0,Denver Nuggets*,82,241.5,41.1,87.4,0.47,11.8,34.2,0.346,29.2,53.2,0.549,16.5,21.7,0.757,9.7,32.7,42.4,25.4,7.9,4.8,12.8,19.9,110.4,2021
15.0,Oklahoma City Thunder,82,241.5,41.4,90.5,0.458,13.6,38.7,0.353,27.8,51.8,0.536,15.3,19.9,0.771,11.0,37.3,48.4,26.1,8.5,6.0,13.2,17.8,111.8,2021
16.0,Washington Wizards,82,241.8,41.3,88.9,0.464,11.5,31.8,0.361,29.8,57.1,0.522,18.0,22.3,0.807,10.2,34.0,44.2,23.7,7.3,4.2,11.9,19.9,112.0,2021
17.0,Chicago Bulls*,82,240.6,41.4,87.4,0.474,11.7,32.0,0.366,29.7,55.5,0.536,17.4,21.9,0.795,9.3,33.9,43.2,25.0,7.1,5.0,13.1,18.2,112.0,2021
18.0,Milwaukee Bucks*,82,240.9,41.4,90.6,0.456,14.5,40.6,0.356,26.9,50.0,0.537,15.0,19.9,0.751,9.9,34.2,44.1,25.9,7.4,4.4,13.0,19.7,112.1,2021
19.0,Brooklyn Nets*,82,240.9,40.7,90.2,0.452,12.5,36.3,0.345,28.2,53.9,0.523,18.1,23.0,0.788,11.3,32.8,44.1,23.8,7.9,4.9,13.3,19.7,112.1,2021
20.0,Orlando Magic,82,241.2,40.8,89.0,0.458,13.2,36.3,0.363,27.6,52.7,0.524,17.4,22.6,0.772,10.4,36.8,47.1,24.8,8.0,5.2,13.2,18.3,112.2,2021
21.0,Atlanta Hawks*,82,240.3,41.9,89.0,0.471,12.8,35.2,0.364,29.1,53.7,0.541,15.8,19.9,0.792,10.2,33.6,43.9,25.4,7.0,4.5,12.8,20.3,112.4,2021
22.0,Detroit Pistons,82,241.2,40.6,86.0,0.473,11.8,32.5,0.362,28.9,53.5,0.54,19.5,25.1,0.777,10.3,35.9,46.3,25.1,7.4,5.2,14.6,19.8,112.5,2021
23.0,San Antonio Spurs,82,241.5,42.5,91.2,0.466,12.1,33.6,0.36,30.4,57.5,0.528,16.0,20.9,0.767,11.4,35.4,46.8,24.0,7.3,4.9,13.8,18.9,113.0,2021
24.0,Minnesota Timberwolves*,82,241.2,40.2,87.4,0.46,13.1,37.3,0.35,27.2,50.0,0.543,19.8,25.4,0.78,11.0,34.9,45.9,26.2,7.2,4.8,16.3,20.9,113.3,2021
25.0,Indiana Pacers,82,242.4,42.5,88.0,0.483,12.0,32.3,0.372,30.5,55.7,0.547,17.9,22.5,0.797,10.2,33.0,43.1,25.1,8.1,4.9,13.3,19.2,114.9,2021
26.0,Charlotte Hornets,82,242.4,42.0,90.1,0.466,14.0,38.7,0.362,28.0,51.4,0.544,16.9,22.1,0.763,11.4,35.6,47.0,26.5,7.5,4.6,15.0,19.6,114.9,2021
27.0,Los Angeles Lakers,82,243.7,42.6,90.5,0.47,12.6,35.8,0.352,30.0,54.7,0.548,17.4,23.3,0.747,11.0,35.6,46.6,26.3,8.3,4.1,14.0,20.1,115.1,2021
28.0,Portland Trail Blazers,82,240.6,41.1,85.9,0.479,13.8,37.1,0.371,27.4,48.8,0.561,19.1,24.6,0.777,9.8,35.0,44.7,26.6,8.2,5.0,14.0,19.4,115.1,2021
29.0,Sacramento Kings,82,241.5,43.4,90.6,0.479,13.0,34.9,0.372,30.4,55.7,0.547,15.9,20.5,0.776,10.6,35.3,45.8,25.3,8.1,4.8,13.5,20.3,115.8,2021
30.0,Houston Rockets,82,240.9,43.4,89.9,0.483,12.8,36.2,0.353,30.7,53.8,0.57,18.5,23.7,0.782,11.2,34.5,45.7,25.6,9.5,5.8,14.1,22.1,118.2,2021
,League Average,82,241.4,40.6,88.1,0.461,12.4,35.2,0.354,28.2,52.9,0.533,16.9,21.9,0.775,10.3,34.1,44.5,24.6,7.6,4.7,13.8,19.6,110.6,2021
1.0,Cleveland Cavaliers*,82,242.4,39.0,83.5,0.468,11.3,30.6,0.368,27.8,52.9,0.525,17.5,22.4,0.782,9.8,31.5,41.2,23.0,7.0,4.4,15.7,20.4,106.9,2022
2.0,Miami Heat*,82,241.5,40.1,83.2,0.482,13.1,35.8,0.367,27.0,47.4,0.569,16.5,21.1,0.781,8.9,33.0,41.8,25.6,7.0,3.8,15.7,20.0,109.8,2022
3.0,Philadelphia 76ers*,82,242.4,40.4,85.4,0.473,11.6,33.4,0.348,28.8,52.1,0.553,18.5,23.7,0.781,9.5,31.6,41.2,24.2,6.6,4.6,14.3,19.6,110.9,2022
4.0,Boston Celtics*,82,243.7,41.8,90.2,0.463,11.6,33.7,0.345,30.1,56.5,0.534,16.2,21.1,0.769,9.7,34.3,44.0,23.1,6.6,3.9,12.7,19.1,111.4,2022
5.0,Toronto Raptors*,82,241.5,40.4,82.3,0.491,12.2,32.6,0.374,28.2,49.7,0.567,18.4,23.1,0.797,9.2,33.0,42.3,26.2,6.0,4.6,16.7,19.6,111.4,2022
6.0,Phoenix Suns*,82,241.2,40.0,85.9,0.466,11.4,32.0,0.357,28.6,53.9,0.53,20.1,25.6,0.786,10.2,32.6,42.9,23.4,7.2,4.0,14.4,19.9,111.6,2022
7.0,Chicago Bulls*,82,242.7,40.7,87.1,0.468,13.2,37.1,0.357,27.5,50.0,0.55,17.1,22.0,0.779,9.6,33.7,43.3,26.0,6.7,4.7,15.0,18.7,111.8,2022
8.0,Denver Nuggets*,82,240.9,41.7,87.4,0.478,11.4,33.1,0.344,30.4,54.3,0.559,17.6,22.7,0.775,10.1,30.7,40.8,25.7,7.9,4.2,13.5,19.5,112.5,2022
9.0,Brooklyn Nets*,82,240.6,41.0,88.5,0.463,11.8,32.2,0.367,29.2,56.3,0.518,18.7,24.4,0.767,11.5,33.6,45.1,23.4,7.0,3.9,13.7,18.5,112.5,2022
10.0,New Orleans Pelicans*,82,242.1,40.9,86.6,0.472,12.2,36.0,0.339,28.7,50.6,0.567,18.4,23.6,0.779,9.7,32.1,41.8,24.9,7.3,4.7,15.0,20.4,112.5,2022
11.0,Memphis Grizzlies*,82,241.2,40.7,89.8,0.453,13.0,36.6,0.355,27.7,53.3,0.521,18.5,23.5,0.787,11.0,33.4,44.4,26.4,6.8,5.2,15.1,20.0,113.0,2022
12.0,New York Knicks*,82,243.4,40.8,88.2,0.462,13.0,36.5,0.357,27.7,51.7,0.537,18.5,23.7,0.782,10.1,31.9,42.0,25.1,6.0,4.5,12.7,20.7,113.1,2022
13.0,Los Angeles Clippers*,82,241.8,41.8,88.3,0.474,12.2,33.4,0.365,29.6,54.9,0.539,17.2,22.3,0.771,10.2,32.9,43.1,25.0,7.8,4.2,13.0,19.6,113.1,2022
14.0,Milwaukee Bucks*,82,241.8,42.5,93.2,0.456,12.1,34.1,0.354,30.4,59.1,0.514,16.3,21.0,0.776,10.7,33.5,44.2,23.9,7.0,3.9,11.8,19.0,113.3,2022
15.0,Orlando Magic,82,241.2,41.3,86.9,0.476,13.0,37.0,0.351,28.4,50.0,0.567,18.3,23.0,0.796,9.5,32.5,42.0,25.9,7.7,5.1,14.7,20.5,114.0,2022
16.0,Dallas Mavericks,82,243.0,41.8,86.2,0.485,11.1,31.7,0.352,30.6,54.5,0.562,19.5,25.0,0.781,10.1,34.6,44.7,24.9,6.4,3.8,13.1,21.8,114.1,2022
17.0,Washington Wizards,82,240.9,42.5,89.8,0.473,12.0,32.8,0.366,30.5,57.0,0.534,17.5,21.9,0.798,10.8,32.3,43.0,24.8,7.1,5.0,12.3,19.4,114.4,2022
18.0,Minnesota Timberwolves*,82,241.8,41.8,88.7,0.471,12.3,33.3,0.369,29.5,55.5,0.532,19.9,26.0,0.766,11.3,33.3,44.7,25.0,8.2,4.1,15.4,20.2,115.8,2022
19.0,Oklahoma City Thunder*,82,242.1,41.9,88.4,0.474,12.9,36.0,0.358,29.0,52.4,0.553,19.6,25.5,0.771,12.0,34.6,46.6,25.9,7.0,5.5,16.8,20.4,116.4,2022
20.0,Los Angeles Lakers*,82,242.4,44.0,93.9,0.469,12.5,36.5,0.344,31.5,57.4,0.548,16.1,20.8,0.773,11.1,33.8,44.9,25.7,7.6,5.1,12.6,21.5,116.6,2022
21.0,Golden State Warriors*,82,241.8,42.4,90.5,0.469,12.9,35.5,0.364,29.5,55.0,0.536,19.4,25.2,0.769,10.7,32.6,43.3,25.7,7.9,4.0,14.3,18.4,117.1,2022
22.0,Charlotte Hornets,82,241.8,43.0,90.1,0.477,12.2,34.3,0.357,30.7,55.8,0.55,19.0,24.0,0.795,10.9,35.3,46.2,25.9,7.0,5.7,14.4,20.3,117.2,2022
23.0,Portland Trail Blazers,82,240.6,43.0,87.5,0.491,12.5,33.1,0.379,30.4,54.4,0.559,19.0,24.1,0.787,10.5,32.8,43.2,27.0,7.8,4.3,13.5,20.5,117.4,2022
24.0,Utah Jazz,82,241.5,43.4,91.6,0.473,12.5,34.5,0.361,30.9,57.1,0.54,18.8,24.3,0.776,11.2,32.2,43.5,25.0,7.8,4.9,12.6,20.5,118.0,2022
25.0,Sacramento Kings*,82,241.8,43.8,88.9,0.492,12.5,33.4,0.373,31.3,55.5,0.564,18.1,23.0,0.787,9.7,32.5,42.2,26.7,7.3,4.2,14.2,20.9,118.1,2022
26.0,Atlanta Hawks*,82,242.1,43.8,90.2,0.486,11.9,33.5,0.356,31.9,56.7,0.562,18.6,23.2,0.803,10.6,33.5,44.1,26.0,7.5,5.0,14.2,19.7,118.1,2022
27.0,Detroit Pistons,82,241.5,43.1,88.1,0.489,12.0,33.3,0.36,31.1,54.8,0.568,20.4,26.2,0.777,11.0,33.7,44.7,25.8,7.7,5.5,13.5,21.0,118.5,2022
28.0,Houston Rockets,82,240.9,42.4,88.1,0.482,14.5,38.8,0.374,27.9,49.3,0.567,19.2,24.2,0.794,10.5,31.0,41.5,26.1,8.8,6.2,13.2,20.6,118.6,2022
29.0,Indiana Pacers,82,240.9,43.3,89.3,0.485,12.4,33.3,0.373,30.9,56.0,0.551,20.5,25.6,0.8,12.1,33.2,45.3,26.4,7.9,5.3,15.1,20.2,119.5,2022
30.0,San Antonio Spurs,82,242.1,46.1,91.0,0.507,12.6,32.3,0.391,33.5,58.6,0.571,18.2,23.7,0.77,10.7,34.3,45.0,26.8,8.1,5.3,13.8,18.5,123.1,2022
,League Average,82,241.8,42.0,88.3,0.475,12.3,34.2,0.361,29.6,54.1,0.548,18.4,23.5,0.782,10.4,33.0,43.4,25.3,7.3,4.7,14.1,20.0,114.7,2022
